mutation_id,scenario_id,status,outcome,k_source,k_followup,ratio,assertion
Mut00-identity,openmoc-pincell-nu-sigma-f,ran,missed,1.133058,1.699904,1.500279,greater
Mut00-identity,openmc-pincell-nu-sigma-f,ran,missed,1.124500,1.689961,1.502855,greater
Mut00-identity,openmoc-pincell-sigma-a,ran,missed,1.133058,0.806904,0.712147,less
Mut00-identity,openmc-pincell-sigma-a,ran,missed,1.124500,0.802717,0.713844,less
Mut00-identity,openmoc-pincell-group-permute,ran,missed,1.133058,1.133058,1.000000,approx
Mut00-identity,openmoc-pincell-fuel-sigma-t,ran,missed,1.133058,0.111272,0.098205,less
Mut00-identity,openmoc-pincell-moderator-sigma-a,ran,missed,1.133058,0.476353,0.420414,less
Mut00-identity,openmc-pincell-group-permute,ran,missed,1.124500,1.126010,1.001342,approx
Mut00-identity,openmc-pincell-fuel-sigma-t,ran,missed,1.124500,0.112923,0.100421,less
Mut00-identity,openmc-pincell-moderator-sigma-a,ran,missed,1.124500,0.968311,0.861104,less
Mut00-identity,openmoc-pincell-fuel-sigma-s,ran,missed,1.133058,1.091853,0.963633,less
Mut00-identity,openmc-pincell-fuel-sigma-s,ran,missed,1.124500,1.093257,0.972216,less
Mut00-identity,openmoc-pincell-fuel-radius,ran,missed,1.133058,1.174761,1.036805,greater
Mut00-identity,openmc-pincell-fuel-radius,ran,missed,1.124500,1.170859,1.041226,greater
Mut00-identity,openmc-pincell-particles-refine,ran,missed,1.124500,1.124766,1.000236,variance-ratio
Mut00-identity,openmoc-pincell-rotate-90,ran,missed,1.159502,1.159492,0.999991,approx
Mut00-identity,openmc-pincell-rotate-90,ran,missed,1.154382,1.153536,0.999268,approx
Mut00-identity,openmoc-pincell-mirror-x,ran,missed,1.102712,1.102702,0.999991,approx
Mut00-identity,openmc-pincell-mirror-x,ran,missed,1.096015,1.098078,1.001882,approx
Mut00-identity,openmoc-pincell-mirror-y,ran,missed,1.102712,1.102711,0.999999,approx
Mut00-identity,openmc-pincell-mirror-y,ran,missed,1.096015,1.095554,0.999579,approx
Mut00-identity,openmoc-pincell-mirror-x-tally,ran,missed,1.102712,1.102702,0.999991,flux-pointwise-approx
Mut00-identity,openmc-pincell-mirror-x-tally,ran,missed,1.096015,1.098078,1.001882,flux-pointwise-approx
Mut00-identity,openmoc-pincell-mirror-y-tally,ran,missed,1.102712,1.102711,0.999999,flux-pointwise-approx
Mut00-identity,openmc-pincell-mirror-y-tally,ran,missed,1.096015,1.095554,0.999579,flux-pointwise-approx
Mut00-identity,openmoc-pincell-fuel-temperature,ran,missed,1.133058,1.115657,0.984642,less
Mut00-identity,openmc-pincell-fuel-temperature,ran,missed,1.124500,1.109656,0.986800,less
Mut00-identity,openmc-pincell-fuel-temperature-via-add-temperature,error,error,,,,
Mut00-identity,openmc-pincell-moderator-temperature-via-borated-water,error,error,,,,
Mut01-openmoc-runner-chi-zero,openmoc-pincell-nu-sigma-f,ran,detected,0.000591,0.000591,1.000000,greater
Mut01-openmoc-runner-chi-zero,openmc-pincell-nu-sigma-f,not-affected,,,,,
Mut01-openmoc-runner-chi-zero,openmoc-pincell-sigma-a,ran,missed,0.000591,0.000508,0.859421,less
Mut01-openmoc-runner-chi-zero,openmc-pincell-sigma-a,not-affected,,,,,
Mut01-openmoc-runner-chi-zero,openmoc-pincell-group-permute,ran,missed,0.000591,0.000591,1.000000,approx
Mut01-openmoc-runner-chi-zero,openmoc-pincell-fuel-sigma-t,ran,missed,0.000591,0.000168,0.284816,less
Mut01-openmoc-runner-chi-zero,openmoc-pincell-moderator-sigma-a,ran,missed,0.000591,0.000556,0.940454,less
Mut01-openmoc-runner-chi-zero,openmc-pincell-group-permute,not-affected,,,,,
Mut01-openmoc-runner-chi-zero,openmc-pincell-fuel-sigma-t,not-affected,,,,,
Mut01-openmoc-runner-chi-zero,openmc-pincell-moderator-sigma-a,not-affected,,,,,
Mut01-openmoc-runner-chi-zero,openmoc-pincell-fuel-sigma-s,ran,detected,0.000591,0.000653,1.103876,less
Mut01-openmoc-runner-chi-zero,openmc-pincell-fuel-sigma-s,not-affected,,,,,
Mut01-openmoc-runner-chi-zero,openmoc-pincell-fuel-radius,ran,detected,0.000591,0.000575,0.972440,greater
Mut01-openmoc-runner-chi-zero,openmc-pincell-fuel-radius,not-affected,,,,,
Mut01-openmoc-runner-chi-zero,openmc-pincell-particles-refine,not-affected,,,,,
Mut01-openmoc-runner-chi-zero,openmoc-pincell-rotate-90,ran,missed,0.000600,0.000600,1.000001,approx
Mut01-openmoc-runner-chi-zero,openmc-pincell-rotate-90,not-affected,,,,,
Mut01-openmoc-runner-chi-zero,openmoc-pincell-mirror-x,ran,missed,0.000602,0.000602,1.000001,approx
Mut01-openmoc-runner-chi-zero,openmc-pincell-mirror-x,not-affected,,,,,
Mut01-openmoc-runner-chi-zero,openmoc-pincell-mirror-y,ran,missed,0.000602,0.000602,1.000001,approx
Mut01-openmoc-runner-chi-zero,openmc-pincell-mirror-y,not-affected,,,,,
Mut01-openmoc-runner-chi-zero,openmoc-pincell-mirror-x-tally,ran,missed,0.000602,0.000602,1.000001,flux-pointwise-approx
Mut01-openmoc-runner-chi-zero,openmc-pincell-mirror-x-tally,not-affected,,,,,
Mut01-openmoc-runner-chi-zero,openmoc-pincell-mirror-y-tally,ran,missed,0.000602,0.000602,1.000001,flux-pointwise-approx
Mut01-openmoc-runner-chi-zero,openmc-pincell-mirror-y-tally,not-affected,,,,,
Mut01-openmoc-runner-chi-zero,openmoc-pincell-fuel-temperature,ran,missed,0.000591,0.000587,0.992287,less
Mut01-openmoc-runner-chi-zero,openmc-pincell-fuel-temperature,not-affected,,,,,
Mut01-openmoc-runner-chi-zero,openmc-pincell-fuel-temperature-via-add-temperature,not-affected,,,,,
Mut01-openmoc-runner-chi-zero,openmc-pincell-moderator-temperature-via-borated-water,not-affected,,,,,
Mut03-openmoc-runner-swap-fuel-moderator,openmoc-pincell-nu-sigma-f,ran,missed,1.433004,2.149716,1.500146,greater
Mut03-openmoc-runner-swap-fuel-moderator,openmc-pincell-nu-sigma-f,not-affected,,,,,
Mut03-openmoc-runner-swap-fuel-moderator,openmoc-pincell-sigma-a,ran,missed,1.433004,0.913502,0.637474,less
Mut03-openmoc-runner-swap-fuel-moderator,openmc-pincell-sigma-a,not-affected,,,,,
Mut03-openmoc-runner-swap-fuel-moderator,openmoc-pincell-group-permute,ran,missed,1.433004,1.433004,1.000000,approx
Mut03-openmoc-runner-swap-fuel-moderator,openmoc-pincell-fuel-sigma-t,ran,missed,1.433004,0.091712,0.064000,less
Mut03-openmoc-runner-swap-fuel-moderator,openmoc-pincell-moderator-sigma-a,ran,missed,1.433004,1.367883,0.954556,less
Mut03-openmoc-runner-swap-fuel-moderator,openmc-pincell-group-permute,not-affected,,,,,
Mut03-openmoc-runner-swap-fuel-moderator,openmc-pincell-fuel-sigma-t,not-affected,,,,,
Mut03-openmoc-runner-swap-fuel-moderator,openmc-pincell-moderator-sigma-a,not-affected,,,,,
Mut03-openmoc-runner-swap-fuel-moderator,openmoc-pincell-fuel-sigma-s,ran,missed,1.433004,1.287664,0.898576,less
Mut03-openmoc-runner-swap-fuel-moderator,openmc-pincell-fuel-sigma-s,not-affected,,,,,
Mut03-openmoc-runner-swap-fuel-moderator,openmoc-pincell-fuel-radius,ran,detected,1.433004,0.484966,0.338426,greater
Mut03-openmoc-runner-swap-fuel-moderator,openmc-pincell-fuel-radius,not-affected,,,,,
Mut03-openmoc-runner-swap-fuel-moderator,openmc-pincell-particles-refine,not-affected,,,,,
Mut03-openmoc-runner-swap-fuel-moderator,openmoc-pincell-rotate-90,ran,missed,1.424470,1.424470,1.000000,approx
Mut03-openmoc-runner-swap-fuel-moderator,openmc-pincell-rotate-90,not-affected,,,,,
Mut03-openmoc-runner-swap-fuel-moderator,openmoc-pincell-mirror-x,ran,missed,1.441223,1.441223,1.000000,approx
Mut03-openmoc-runner-swap-fuel-moderator,openmc-pincell-mirror-x,not-affected,,,,,
Mut03-openmoc-runner-swap-fuel-moderator,openmoc-pincell-mirror-y,ran,missed,1.441223,1.441233,1.000007,approx
Mut03-openmoc-runner-swap-fuel-moderator,openmc-pincell-mirror-y,not-affected,,,,,
Mut03-openmoc-runner-swap-fuel-moderator,openmoc-pincell-mirror-x-tally,ran,missed,1.441223,1.441223,1.000000,flux-pointwise-approx
Mut03-openmoc-runner-swap-fuel-moderator,openmc-pincell-mirror-x-tally,not-affected,,,,,
Mut03-openmoc-runner-swap-fuel-moderator,openmoc-pincell-mirror-y-tally,ran,missed,1.441223,1.441233,1.000007,flux-pointwise-approx
Mut03-openmoc-runner-swap-fuel-moderator,openmc-pincell-mirror-y-tally,not-affected,,,,,
Mut03-openmoc-runner-swap-fuel-moderator,openmoc-pincell-fuel-temperature,ran,missed,1.433004,1.402693,0.978848,less
Mut03-openmoc-runner-swap-fuel-moderator,openmc-pincell-fuel-temperature,not-affected,,,,,
Mut03-openmoc-runner-swap-fuel-moderator,openmc-pincell-fuel-temperature-via-add-temperature,not-affected,,,,,
Mut03-openmoc-runner-swap-fuel-moderator,openmc-pincell-moderator-temperature-via-borated-water,not-affected,,,,,
Mut04-openmoc-runner-drop-nu-sigma-f,openmoc-pincell-nu-sigma-f,ran,detected,nan,nan,nan,greater
Mut04-openmoc-runner-drop-nu-sigma-f,openmc-pincell-nu-sigma-f,not-affected,,,,,
Mut04-openmoc-runner-drop-nu-sigma-f,openmoc-pincell-sigma-a,ran,detected,nan,nan,nan,less
Mut04-openmoc-runner-drop-nu-sigma-f,openmc-pincell-sigma-a,not-affected,,,,,
Mut04-openmoc-runner-drop-nu-sigma-f,openmoc-pincell-group-permute,ran,detected,nan,nan,nan,approx
Mut04-openmoc-runner-drop-nu-sigma-f,openmoc-pincell-fuel-sigma-t,ran,detected,nan,nan,nan,less
Mut04-openmoc-runner-drop-nu-sigma-f,openmoc-pincell-moderator-sigma-a,ran,detected,nan,nan,nan,less
Mut04-openmoc-runner-drop-nu-sigma-f,openmc-pincell-group-permute,not-affected,,,,,
Mut04-openmoc-runner-drop-nu-sigma-f,openmc-pincell-fuel-sigma-t,not-affected,,,,,
Mut04-openmoc-runner-drop-nu-sigma-f,openmc-pincell-moderator-sigma-a,not-affected,,,,,
Mut04-openmoc-runner-drop-nu-sigma-f,openmoc-pincell-fuel-sigma-s,ran,detected,nan,nan,nan,less
Mut04-openmoc-runner-drop-nu-sigma-f,openmc-pincell-fuel-sigma-s,not-affected,,,,,
Mut04-openmoc-runner-drop-nu-sigma-f,openmoc-pincell-fuel-radius,ran,detected,nan,nan,nan,greater
Mut04-openmoc-runner-drop-nu-sigma-f,openmc-pincell-fuel-radius,not-affected,,,,,
Mut04-openmoc-runner-drop-nu-sigma-f,openmc-pincell-particles-refine,not-affected,,,,,
Mut04-openmoc-runner-drop-nu-sigma-f,openmoc-pincell-rotate-90,ran,detected,nan,nan,nan,approx
Mut04-openmoc-runner-drop-nu-sigma-f,openmc-pincell-rotate-90,not-affected,,,,,
Mut04-openmoc-runner-drop-nu-sigma-f,openmoc-pincell-mirror-x,ran,detected,nan,nan,nan,approx
Mut04-openmoc-runner-drop-nu-sigma-f,openmc-pincell-mirror-x,not-affected,,,,,
Mut04-openmoc-runner-drop-nu-sigma-f,openmoc-pincell-mirror-y,ran,detected,nan,nan,nan,approx
Mut04-openmoc-runner-drop-nu-sigma-f,openmc-pincell-mirror-y,not-affected,,,,,
Mut04-openmoc-runner-drop-nu-sigma-f,openmoc-pincell-mirror-x-tally,ran,missed,nan,nan,nan,flux-pointwise-approx
Mut04-openmoc-runner-drop-nu-sigma-f,openmc-pincell-mirror-x-tally,not-affected,,,,,
Mut04-openmoc-runner-drop-nu-sigma-f,openmoc-pincell-mirror-y-tally,ran,missed,nan,nan,nan,flux-pointwise-approx
Mut04-openmoc-runner-drop-nu-sigma-f,openmc-pincell-mirror-y-tally,not-affected,,,,,
Mut04-openmoc-runner-drop-nu-sigma-f,openmoc-pincell-fuel-temperature,ran,detected,nan,nan,nan,less
Mut04-openmoc-runner-drop-nu-sigma-f,openmc-pincell-fuel-temperature,not-affected,,,,,
Mut04-openmoc-runner-drop-nu-sigma-f,openmc-pincell-fuel-temperature-via-add-temperature,not-affected,,,,,
Mut04-openmoc-runner-drop-nu-sigma-f,openmc-pincell-moderator-temperature-via-borated-water,not-affected,,,,,
Mut05-openmoc-runner-chi-swap-groups,openmoc-pincell-nu-sigma-f,ran,missed,1.277998,1.916872,1.499902,greater
Mut05-openmoc-runner-chi-swap-groups,openmc-pincell-nu-sigma-f,not-affected,,,,,
Mut05-openmoc-runner-chi-swap-groups,openmoc-pincell-sigma-a,ran,missed,1.277998,0.964678,0.754836,less
Mut05-openmoc-runner-chi-swap-groups,openmc-pincell-sigma-a,not-affected,,,,,
Mut05-openmoc-runner-chi-swap-groups,openmoc-pincell-group-permute,ran,missed,1.277998,1.277998,1.000000,approx
Mut05-openmoc-runner-chi-swap-groups,openmoc-pincell-fuel-sigma-t,ran,missed,1.277998,0.290481,0.227294,less
Mut05-openmoc-runner-chi-swap-groups,openmoc-pincell-moderator-sigma-a,ran,missed,1.277998,1.094411,0.856348,less
Mut05-openmoc-runner-chi-swap-groups,openmc-pincell-group-permute,not-affected,,,,,
Mut05-openmoc-runner-chi-swap-groups,openmc-pincell-fuel-sigma-t,not-affected,,,,,
Mut05-openmoc-runner-chi-swap-groups,openmc-pincell-moderator-sigma-a,not-affected,,,,,
Mut05-openmoc-runner-chi-swap-groups,openmoc-pincell-fuel-sigma-s,ran,detected,1.277998,1.278136,1.000108,less
Mut05-openmoc-runner-chi-swap-groups,openmc-pincell-fuel-sigma-s,not-affected,,,,,
Mut05-openmoc-runner-chi-swap-groups,openmoc-pincell-fuel-radius,ran,missed,1.277998,1.336093,1.045458,greater
Mut05-openmoc-runner-chi-swap-groups,openmc-pincell-fuel-radius,not-affected,,,,,
Mut05-openmoc-runner-chi-swap-groups,openmc-pincell-particles-refine,not-affected,,,,,
Mut05-openmoc-runner-chi-swap-groups,openmoc-pincell-rotate-90,ran,missed,1.315492,1.315502,1.000007,approx
Mut05-openmoc-runner-chi-swap-groups,openmc-pincell-rotate-90,not-affected,,,,,
Mut05-openmoc-runner-chi-swap-groups,openmoc-pincell-mirror-x,ran,missed,1.237680,1.237670,0.999992,approx
Mut05-openmoc-runner-chi-swap-groups,openmc-pincell-mirror-x,not-affected,,,,,
Mut05-openmoc-runner-chi-swap-groups,openmoc-pincell-mirror-y,ran,missed,1.237680,1.237670,0.999992,approx
Mut05-openmoc-runner-chi-swap-groups,openmc-pincell-mirror-y,not-affected,,,,,
Mut05-openmoc-runner-chi-swap-groups,openmoc-pincell-mirror-x-tally,ran,detected,1.237680,1.237670,0.999992,flux-pointwise-approx
Mut05-openmoc-runner-chi-swap-groups,openmc-pincell-mirror-x-tally,not-affected,,,,,
Mut05-openmoc-runner-chi-swap-groups,openmoc-pincell-mirror-y-tally,ran,detected,1.237680,1.237670,0.999992,flux-pointwise-approx
Mut05-openmoc-runner-chi-swap-groups,openmc-pincell-mirror-y-tally,not-affected,,,,,
Mut05-openmoc-runner-chi-swap-groups,openmoc-pincell-fuel-temperature,ran,missed,1.277998,1.261319,0.986949,less
Mut05-openmoc-runner-chi-swap-groups,openmc-pincell-fuel-temperature,not-affected,,,,,
Mut05-openmoc-runner-chi-swap-groups,openmc-pincell-fuel-temperature-via-add-temperature,not-affected,,,,,
Mut05-openmoc-runner-chi-swap-groups,openmc-pincell-moderator-temperature-via-borated-water,not-affected,,,,,
Mut06-openmoc-runner-vacuum-boundary,openmoc-pincell-nu-sigma-f,ran,missed,0.004700,0.007045,1.498978,greater
Mut06-openmoc-runner-vacuum-boundary,openmc-pincell-nu-sigma-f,not-affected,,,,,
Mut06-openmoc-runner-vacuum-boundary,openmoc-pincell-sigma-a,ran,missed,0.004700,0.004655,0.990575,less
Mut06-openmoc-runner-vacuum-boundary,openmc-pincell-sigma-a,not-affected,,,,,
Mut06-openmoc-runner-vacuum-boundary,openmoc-pincell-group-permute,ran,missed,0.004700,0.004700,1.000000,approx
Mut06-openmoc-runner-vacuum-boundary,openmoc-pincell-fuel-sigma-t,ran,missed,0.004700,0.004196,0.892876,less
Mut06-openmoc-runner-vacuum-boundary,openmoc-pincell-moderator-sigma-a,ran,missed,0.004700,0.004697,0.999369,less
Mut06-openmoc-runner-vacuum-boundary,openmc-pincell-group-permute,not-affected,,,,,
Mut06-openmoc-runner-vacuum-boundary,openmc-pincell-fuel-sigma-t,not-affected,,,,,
Mut06-openmoc-runner-vacuum-boundary,openmc-pincell-moderator-sigma-a,not-affected,,,,,
Mut06-openmoc-runner-vacuum-boundary,openmoc-pincell-fuel-sigma-s,ran,missed,0.004700,0.004193,0.892207,less
Mut06-openmoc-runner-vacuum-boundary,openmc-pincell-fuel-sigma-s,not-affected,,,,,
Mut06-openmoc-runner-vacuum-boundary,openmoc-pincell-fuel-radius,ran,missed,0.004700,0.004973,1.058127,greater
Mut06-openmoc-runner-vacuum-boundary,openmc-pincell-fuel-radius,not-affected,,,,,
Mut06-openmoc-runner-vacuum-boundary,openmc-pincell-particles-refine,not-affected,,,,,
Mut06-openmoc-runner-vacuum-boundary,openmoc-pincell-rotate-90,ran,missed,0.004618,0.004618,0.999997,approx
Mut06-openmoc-runner-vacuum-boundary,openmc-pincell-rotate-90,not-affected,,,,,
Mut06-openmoc-runner-vacuum-boundary,openmoc-pincell-mirror-x,ran,missed,0.004697,0.004697,1.000000,approx
Mut06-openmoc-runner-vacuum-boundary,openmc-pincell-mirror-x,not-affected,,,,,
Mut06-openmoc-runner-vacuum-boundary,openmoc-pincell-mirror-y,ran,missed,0.004697,0.004697,0.999999,approx
Mut06-openmoc-runner-vacuum-boundary,openmc-pincell-mirror-y,not-affected,,,,,
Mut06-openmoc-runner-vacuum-boundary,openmoc-pincell-mirror-x-tally,ran,missed,0.004697,0.004697,1.000000,flux-pointwise-approx
Mut06-openmoc-runner-vacuum-boundary,openmc-pincell-mirror-x-tally,not-affected,,,,,
Mut06-openmoc-runner-vacuum-boundary,openmoc-pincell-mirror-y-tally,ran,missed,0.004697,0.004697,0.999999,flux-pointwise-approx
Mut06-openmoc-runner-vacuum-boundary,openmc-pincell-mirror-y-tally,not-affected,,,,,
Mut06-openmoc-runner-vacuum-boundary,openmoc-pincell-fuel-temperature,ran,missed,0.004700,0.004698,0.999615,less
Mut06-openmoc-runner-vacuum-boundary,openmc-pincell-fuel-temperature,not-affected,,,,,
Mut06-openmoc-runner-vacuum-boundary,openmc-pincell-fuel-temperature-via-add-temperature,not-affected,,,,,
Mut06-openmoc-runner-vacuum-boundary,openmc-pincell-moderator-temperature-via-borated-water,not-affected,,,,,
Mut07-openmoc-adapter-nsf-inverse,openmoc-pincell-nu-sigma-f,ran,detected,1.133058,0.755157,0.666476,greater
Mut07-openmoc-adapter-nsf-inverse,openmc-pincell-nu-sigma-f,not-affected,,,,,
Mut07-openmoc-adapter-nsf-inverse,openmoc-pincell-sigma-a,not-affected,,,,,
Mut07-openmoc-adapter-nsf-inverse,openmc-pincell-sigma-a,not-affected,,,,,
Mut07-openmoc-adapter-nsf-inverse,openmoc-pincell-group-permute,not-affected,,,,,
Mut07-openmoc-adapter-nsf-inverse,openmoc-pincell-fuel-sigma-t,not-affected,,,,,
Mut07-openmoc-adapter-nsf-inverse,openmoc-pincell-moderator-sigma-a,not-affected,,,,,
Mut07-openmoc-adapter-nsf-inverse,openmc-pincell-group-permute,not-affected,,,,,
Mut07-openmoc-adapter-nsf-inverse,openmc-pincell-fuel-sigma-t,not-affected,,,,,
Mut07-openmoc-adapter-nsf-inverse,openmc-pincell-moderator-sigma-a,not-affected,,,,,
Mut07-openmoc-adapter-nsf-inverse,openmoc-pincell-fuel-sigma-s,not-affected,,,,,
Mut07-openmoc-adapter-nsf-inverse,openmc-pincell-fuel-sigma-s,not-affected,,,,,
Mut07-openmoc-adapter-nsf-inverse,openmoc-pincell-fuel-radius,not-affected,,,,,
Mut07-openmoc-adapter-nsf-inverse,openmc-pincell-fuel-radius,not-affected,,,,,
Mut07-openmoc-adapter-nsf-inverse,openmc-pincell-particles-refine,not-affected,,,,,
Mut07-openmoc-adapter-nsf-inverse,openmoc-pincell-rotate-90,not-affected,,,,,
Mut07-openmoc-adapter-nsf-inverse,openmc-pincell-rotate-90,not-affected,,,,,
Mut07-openmoc-adapter-nsf-inverse,openmoc-pincell-mirror-x,not-affected,,,,,
Mut07-openmoc-adapter-nsf-inverse,openmc-pincell-mirror-x,not-affected,,,,,
Mut07-openmoc-adapter-nsf-inverse,openmoc-pincell-mirror-y,not-affected,,,,,
Mut07-openmoc-adapter-nsf-inverse,openmc-pincell-mirror-y,not-affected,,,,,
Mut07-openmoc-adapter-nsf-inverse,openmoc-pincell-mirror-x-tally,not-affected,,,,,
Mut07-openmoc-adapter-nsf-inverse,openmc-pincell-mirror-x-tally,not-affected,,,,,
Mut07-openmoc-adapter-nsf-inverse,openmoc-pincell-mirror-y-tally,not-affected,,,,,
Mut07-openmoc-adapter-nsf-inverse,openmc-pincell-mirror-y-tally,not-affected,,,,,
Mut07-openmoc-adapter-nsf-inverse,openmoc-pincell-fuel-temperature,not-affected,,,,,
Mut07-openmoc-adapter-nsf-inverse,openmc-pincell-fuel-temperature,not-affected,,,,,
Mut07-openmoc-adapter-nsf-inverse,openmc-pincell-fuel-temperature-via-add-temperature,not-affected,,,,,
Mut07-openmoc-adapter-nsf-inverse,openmc-pincell-moderator-temperature-via-borated-water,not-affected,,,,,
Mut08-openmoc-adapter-nsf-square,openmoc-pincell-nu-sigma-f,ran,missed,1.133058,2.550180,2.250705,greater
Mut08-openmoc-adapter-nsf-square,openmc-pincell-nu-sigma-f,not-affected,,,,,
Mut08-openmoc-adapter-nsf-square,openmoc-pincell-sigma-a,not-affected,,,,,
Mut08-openmoc-adapter-nsf-square,openmc-pincell-sigma-a,not-affected,,,,,
Mut08-openmoc-adapter-nsf-square,openmoc-pincell-group-permute,not-affected,,,,,
Mut08-openmoc-adapter-nsf-square,openmoc-pincell-fuel-sigma-t,not-affected,,,,,
Mut08-openmoc-adapter-nsf-square,openmoc-pincell-moderator-sigma-a,not-affected,,,,,
Mut08-openmoc-adapter-nsf-square,openmc-pincell-group-permute,not-affected,,,,,
Mut08-openmoc-adapter-nsf-square,openmc-pincell-fuel-sigma-t,not-affected,,,,,
Mut08-openmoc-adapter-nsf-square,openmc-pincell-moderator-sigma-a,not-affected,,,,,
Mut08-openmoc-adapter-nsf-square,openmoc-pincell-fuel-sigma-s,not-affected,,,,,
Mut08-openmoc-adapter-nsf-square,openmc-pincell-fuel-sigma-s,not-affected,,,,,
Mut08-openmoc-adapter-nsf-square,openmoc-pincell-fuel-radius,not-affected,,,,,
Mut08-openmoc-adapter-nsf-square,openmc-pincell-fuel-radius,not-affected,,,,,
Mut08-openmoc-adapter-nsf-square,openmc-pincell-particles-refine,not-affected,,,,,
Mut08-openmoc-adapter-nsf-square,openmoc-pincell-rotate-90,not-affected,,,,,
Mut08-openmoc-adapter-nsf-square,openmc-pincell-rotate-90,not-affected,,,,,
Mut08-openmoc-adapter-nsf-square,openmoc-pincell-mirror-x,not-affected,,,,,
Mut08-openmoc-adapter-nsf-square,openmc-pincell-mirror-x,not-affected,,,,,
Mut08-openmoc-adapter-nsf-square,openmoc-pincell-mirror-y,not-affected,,,,,
Mut08-openmoc-adapter-nsf-square,openmc-pincell-mirror-y,not-affected,,,,,
Mut08-openmoc-adapter-nsf-square,openmoc-pincell-mirror-x-tally,not-affected,,,,,
Mut08-openmoc-adapter-nsf-square,openmc-pincell-mirror-x-tally,not-affected,,,,,
Mut08-openmoc-adapter-nsf-square,openmoc-pincell-mirror-y-tally,not-affected,,,,,
Mut08-openmoc-adapter-nsf-square,openmc-pincell-mirror-y-tally,not-affected,,,,,
Mut08-openmoc-adapter-nsf-square,openmoc-pincell-fuel-temperature,not-affected,,,,,
Mut08-openmoc-adapter-nsf-square,openmc-pincell-fuel-temperature,not-affected,,,,,
Mut08-openmoc-adapter-nsf-square,openmc-pincell-fuel-temperature-via-add-temperature,not-affected,,,,,
Mut08-openmoc-adapter-nsf-square,openmc-pincell-moderator-temperature-via-borated-water,not-affected,,,,,
Mut09-openmoc-adapter-nsf-moderator,openmoc-pincell-nu-sigma-f,ran,detected,1.133058,1.133058,1.000000,greater
Mut09-openmoc-adapter-nsf-moderator,openmc-pincell-nu-sigma-f,not-affected,,,,,
Mut09-openmoc-adapter-nsf-moderator,openmoc-pincell-sigma-a,not-affected,,,,,
Mut09-openmoc-adapter-nsf-moderator,openmc-pincell-sigma-a,not-affected,,,,,
Mut09-openmoc-adapter-nsf-moderator,openmoc-pincell-group-permute,not-affected,,,,,
Mut09-openmoc-adapter-nsf-moderator,openmoc-pincell-fuel-sigma-t,not-affected,,,,,
Mut09-openmoc-adapter-nsf-moderator,openmoc-pincell-moderator-sigma-a,not-affected,,,,,
Mut09-openmoc-adapter-nsf-moderator,openmc-pincell-group-permute,not-affected,,,,,
Mut09-openmoc-adapter-nsf-moderator,openmc-pincell-fuel-sigma-t,not-affected,,,,,
Mut09-openmoc-adapter-nsf-moderator,openmc-pincell-moderator-sigma-a,not-affected,,,,,
Mut09-openmoc-adapter-nsf-moderator,openmoc-pincell-fuel-sigma-s,not-affected,,,,,
Mut09-openmoc-adapter-nsf-moderator,openmc-pincell-fuel-sigma-s,not-affected,,,,,
Mut09-openmoc-adapter-nsf-moderator,openmoc-pincell-fuel-radius,not-affected,,,,,
Mut09-openmoc-adapter-nsf-moderator,openmc-pincell-fuel-radius,not-affected,,,,,
Mut09-openmoc-adapter-nsf-moderator,openmc-pincell-particles-refine,not-affected,,,,,
Mut09-openmoc-adapter-nsf-moderator,openmoc-pincell-rotate-90,not-affected,,,,,
Mut09-openmoc-adapter-nsf-moderator,openmc-pincell-rotate-90,not-affected,,,,,
Mut09-openmoc-adapter-nsf-moderator,openmoc-pincell-mirror-x,not-affected,,,,,
Mut09-openmoc-adapter-nsf-moderator,openmc-pincell-mirror-x,not-affected,,,,,
Mut09-openmoc-adapter-nsf-moderator,openmoc-pincell-mirror-y,not-affected,,,,,
Mut09-openmoc-adapter-nsf-moderator,openmc-pincell-mirror-y,not-affected,,,,,
Mut09-openmoc-adapter-nsf-moderator,openmoc-pincell-mirror-x-tally,not-affected,,,,,
Mut09-openmoc-adapter-nsf-moderator,openmc-pincell-mirror-x-tally,not-affected,,,,,
Mut09-openmoc-adapter-nsf-moderator,openmoc-pincell-mirror-y-tally,not-affected,,,,,
Mut09-openmoc-adapter-nsf-moderator,openmc-pincell-mirror-y-tally,not-affected,,,,,
Mut09-openmoc-adapter-nsf-moderator,openmoc-pincell-fuel-temperature,not-affected,,,,,
Mut09-openmoc-adapter-nsf-moderator,openmc-pincell-fuel-temperature,not-affected,,,,,
Mut09-openmoc-adapter-nsf-moderator,openmc-pincell-fuel-temperature-via-add-temperature,not-affected,,,,,
Mut09-openmoc-adapter-nsf-moderator,openmc-pincell-moderator-temperature-via-borated-water,not-affected,,,,,
Mut10-openmoc-adapter-nsf-identity,openmoc-pincell-nu-sigma-f,ran,detected,1.133058,1.133058,1.000000,greater
Mut10-openmoc-adapter-nsf-identity,openmc-pincell-nu-sigma-f,not-affected,,,,,
Mut10-openmoc-adapter-nsf-identity,openmoc-pincell-sigma-a,not-affected,,,,,
Mut10-openmoc-adapter-nsf-identity,openmc-pincell-sigma-a,not-affected,,,,,
Mut10-openmoc-adapter-nsf-identity,openmoc-pincell-group-permute,not-affected,,,,,
Mut10-openmoc-adapter-nsf-identity,openmoc-pincell-fuel-sigma-t,not-affected,,,,,
Mut10-openmoc-adapter-nsf-identity,openmoc-pincell-moderator-sigma-a,not-affected,,,,,
Mut10-openmoc-adapter-nsf-identity,openmc-pincell-group-permute,not-affected,,,,,
Mut10-openmoc-adapter-nsf-identity,openmc-pincell-fuel-sigma-t,not-affected,,,,,
Mut10-openmoc-adapter-nsf-identity,openmc-pincell-moderator-sigma-a,not-affected,,,,,
Mut10-openmoc-adapter-nsf-identity,openmoc-pincell-fuel-sigma-s,not-affected,,,,,
Mut10-openmoc-adapter-nsf-identity,openmc-pincell-fuel-sigma-s,not-affected,,,,,
Mut10-openmoc-adapter-nsf-identity,openmoc-pincell-fuel-radius,not-affected,,,,,
Mut10-openmoc-adapter-nsf-identity,openmc-pincell-fuel-radius,not-affected,,,,,
Mut10-openmoc-adapter-nsf-identity,openmc-pincell-particles-refine,not-affected,,,,,
Mut10-openmoc-adapter-nsf-identity,openmoc-pincell-rotate-90,not-affected,,,,,
Mut10-openmoc-adapter-nsf-identity,openmc-pincell-rotate-90,not-affected,,,,,
Mut10-openmoc-adapter-nsf-identity,openmoc-pincell-mirror-x,not-affected,,,,,
Mut10-openmoc-adapter-nsf-identity,openmc-pincell-mirror-x,not-affected,,,,,
Mut10-openmoc-adapter-nsf-identity,openmoc-pincell-mirror-y,not-affected,,,,,
Mut10-openmoc-adapter-nsf-identity,openmc-pincell-mirror-y,not-affected,,,,,
Mut10-openmoc-adapter-nsf-identity,openmoc-pincell-mirror-x-tally,not-affected,,,,,
Mut10-openmoc-adapter-nsf-identity,openmc-pincell-mirror-x-tally,not-affected,,,,,
Mut10-openmoc-adapter-nsf-identity,openmoc-pincell-mirror-y-tally,not-affected,,,,,
Mut10-openmoc-adapter-nsf-identity,openmc-pincell-mirror-y-tally,not-affected,,,,,
Mut10-openmoc-adapter-nsf-identity,openmoc-pincell-fuel-temperature,not-affected,,,,,
Mut10-openmoc-adapter-nsf-identity,openmc-pincell-fuel-temperature,not-affected,,,,,
Mut10-openmoc-adapter-nsf-identity,openmc-pincell-fuel-temperature-via-add-temperature,not-affected,,,,,
Mut10-openmoc-adapter-nsf-identity,openmc-pincell-moderator-temperature-via-borated-water,not-affected,,,,,
Mut11-openmoc-adapter-nsf-fast-only,openmoc-pincell-nu-sigma-f,ran,detected,1.133058,0.523765,0.462258,greater
Mut11-openmoc-adapter-nsf-fast-only,openmc-pincell-nu-sigma-f,not-affected,,,,,
Mut11-openmoc-adapter-nsf-fast-only,openmoc-pincell-sigma-a,not-affected,,,,,
Mut11-openmoc-adapter-nsf-fast-only,openmc-pincell-sigma-a,not-affected,,,,,
Mut11-openmoc-adapter-nsf-fast-only,openmoc-pincell-group-permute,not-affected,,,,,
Mut11-openmoc-adapter-nsf-fast-only,openmoc-pincell-fuel-sigma-t,not-affected,,,,,
Mut11-openmoc-adapter-nsf-fast-only,openmoc-pincell-moderator-sigma-a,not-affected,,,,,
Mut11-openmoc-adapter-nsf-fast-only,openmc-pincell-group-permute,not-affected,,,,,
Mut11-openmoc-adapter-nsf-fast-only,openmc-pincell-fuel-sigma-t,not-affected,,,,,
Mut11-openmoc-adapter-nsf-fast-only,openmc-pincell-moderator-sigma-a,not-affected,,,,,
Mut11-openmoc-adapter-nsf-fast-only,openmoc-pincell-fuel-sigma-s,not-affected,,,,,
Mut11-openmoc-adapter-nsf-fast-only,openmc-pincell-fuel-sigma-s,not-affected,,,,,
Mut11-openmoc-adapter-nsf-fast-only,openmoc-pincell-fuel-radius,not-affected,,,,,
Mut11-openmoc-adapter-nsf-fast-only,openmc-pincell-fuel-radius,not-affected,,,,,
Mut11-openmoc-adapter-nsf-fast-only,openmc-pincell-particles-refine,not-affected,,,,,
Mut11-openmoc-adapter-nsf-fast-only,openmoc-pincell-rotate-90,not-affected,,,,,
Mut11-openmoc-adapter-nsf-fast-only,openmc-pincell-rotate-90,not-affected,,,,,
Mut11-openmoc-adapter-nsf-fast-only,openmoc-pincell-mirror-x,not-affected,,,,,
Mut11-openmoc-adapter-nsf-fast-only,openmc-pincell-mirror-x,not-affected,,,,,
Mut11-openmoc-adapter-nsf-fast-only,openmoc-pincell-mirror-y,not-affected,,,,,
Mut11-openmoc-adapter-nsf-fast-only,openmc-pincell-mirror-y,not-affected,,,,,
Mut11-openmoc-adapter-nsf-fast-only,openmoc-pincell-mirror-x-tally,not-affected,,,,,
Mut11-openmoc-adapter-nsf-fast-only,openmc-pincell-mirror-x-tally,not-affected,,,,,
Mut11-openmoc-adapter-nsf-fast-only,openmoc-pincell-mirror-y-tally,not-affected,,,,,
Mut11-openmoc-adapter-nsf-fast-only,openmc-pincell-mirror-y-tally,not-affected,,,,,
Mut11-openmoc-adapter-nsf-fast-only,openmoc-pincell-fuel-temperature,not-affected,,,,,
Mut11-openmoc-adapter-nsf-fast-only,openmc-pincell-fuel-temperature,not-affected,,,,,
Mut11-openmoc-adapter-nsf-fast-only,openmc-pincell-fuel-temperature-via-add-temperature,not-affected,,,,,
Mut11-openmoc-adapter-nsf-fast-only,openmc-pincell-moderator-temperature-via-borated-water,not-affected,,,,,
Mut12-openmoc-adapter-sa-no-sigt-update,openmoc-pincell-nu-sigma-f,not-affected,,,,,
Mut12-openmoc-adapter-sa-no-sigt-update,openmc-pincell-nu-sigma-f,not-affected,,,,,
Mut12-openmoc-adapter-sa-no-sigt-update,openmoc-pincell-sigma-a,ran,detected,1.133058,1.133058,1.000000,less
Mut12-openmoc-adapter-sa-no-sigt-update,openmc-pincell-sigma-a,not-affected,,,,,
Mut12-openmoc-adapter-sa-no-sigt-update,openmoc-pincell-group-permute,not-affected,,,,,
Mut12-openmoc-adapter-sa-no-sigt-update,openmoc-pincell-fuel-sigma-t,not-affected,,,,,
Mut12-openmoc-adapter-sa-no-sigt-update,openmoc-pincell-moderator-sigma-a,not-affected,,,,,
Mut12-openmoc-adapter-sa-no-sigt-update,openmc-pincell-group-permute,not-affected,,,,,
Mut12-openmoc-adapter-sa-no-sigt-update,openmc-pincell-fuel-sigma-t,not-affected,,,,,
Mut12-openmoc-adapter-sa-no-sigt-update,openmc-pincell-moderator-sigma-a,not-affected,,,,,
Mut12-openmoc-adapter-sa-no-sigt-update,openmoc-pincell-fuel-sigma-s,not-affected,,,,,
Mut12-openmoc-adapter-sa-no-sigt-update,openmc-pincell-fuel-sigma-s,not-affected,,,,,
Mut12-openmoc-adapter-sa-no-sigt-update,openmoc-pincell-fuel-radius,not-affected,,,,,
Mut12-openmoc-adapter-sa-no-sigt-update,openmc-pincell-fuel-radius,not-affected,,,,,
Mut12-openmoc-adapter-sa-no-sigt-update,openmc-pincell-particles-refine,not-affected,,,,,
Mut12-openmoc-adapter-sa-no-sigt-update,openmoc-pincell-rotate-90,not-affected,,,,,
Mut12-openmoc-adapter-sa-no-sigt-update,openmc-pincell-rotate-90,not-affected,,,,,
Mut12-openmoc-adapter-sa-no-sigt-update,openmoc-pincell-mirror-x,not-affected,,,,,
Mut12-openmoc-adapter-sa-no-sigt-update,openmc-pincell-mirror-x,not-affected,,,,,
Mut12-openmoc-adapter-sa-no-sigt-update,openmoc-pincell-mirror-y,not-affected,,,,,
Mut12-openmoc-adapter-sa-no-sigt-update,openmc-pincell-mirror-y,not-affected,,,,,
Mut12-openmoc-adapter-sa-no-sigt-update,openmoc-pincell-mirror-x-tally,not-affected,,,,,
Mut12-openmoc-adapter-sa-no-sigt-update,openmc-pincell-mirror-x-tally,not-affected,,,,,
Mut12-openmoc-adapter-sa-no-sigt-update,openmoc-pincell-mirror-y-tally,not-affected,,,,,
Mut12-openmoc-adapter-sa-no-sigt-update,openmc-pincell-mirror-y-tally,not-affected,,,,,
Mut12-openmoc-adapter-sa-no-sigt-update,openmoc-pincell-fuel-temperature,not-affected,,,,,
Mut12-openmoc-adapter-sa-no-sigt-update,openmc-pincell-fuel-temperature,not-affected,,,,,
Mut12-openmoc-adapter-sa-no-sigt-update,openmc-pincell-fuel-temperature-via-add-temperature,not-affected,,,,,
Mut12-openmoc-adapter-sa-no-sigt-update,openmc-pincell-moderator-temperature-via-borated-water,not-affected,,,,,
Mut13-openmoc-adapter-sa-inverse,openmoc-pincell-nu-sigma-f,not-affected,,,,,
Mut13-openmoc-adapter-sa-inverse,openmc-pincell-nu-sigma-f,not-affected,,,,,
Mut13-openmoc-adapter-sa-inverse,openmoc-pincell-sigma-a,ran,detected,1.133058,1.510869,1.333444,less
Mut13-openmoc-adapter-sa-inverse,openmc-pincell-sigma-a,not-affected,,,,,
Mut13-openmoc-adapter-sa-inverse,openmoc-pincell-group-permute,not-affected,,,,,
Mut13-openmoc-adapter-sa-inverse,openmoc-pincell-fuel-sigma-t,not-affected,,,,,
Mut13-openmoc-adapter-sa-inverse,openmoc-pincell-moderator-sigma-a,not-affected,,,,,
Mut13-openmoc-adapter-sa-inverse,openmc-pincell-group-permute,not-affected,,,,,
Mut13-openmoc-adapter-sa-inverse,openmc-pincell-fuel-sigma-t,not-affected,,,,,
Mut13-openmoc-adapter-sa-inverse,openmc-pincell-moderator-sigma-a,not-affected,,,,,
Mut13-openmoc-adapter-sa-inverse,openmoc-pincell-fuel-sigma-s,not-affected,,,,,
Mut13-openmoc-adapter-sa-inverse,openmc-pincell-fuel-sigma-s,not-affected,,,,,
Mut13-openmoc-adapter-sa-inverse,openmoc-pincell-fuel-radius,not-affected,,,,,
Mut13-openmoc-adapter-sa-inverse,openmc-pincell-fuel-radius,not-affected,,,,,
Mut13-openmoc-adapter-sa-inverse,openmc-pincell-particles-refine,not-affected,,,,,
Mut13-openmoc-adapter-sa-inverse,openmoc-pincell-rotate-90,not-affected,,,,,
Mut13-openmoc-adapter-sa-inverse,openmc-pincell-rotate-90,not-affected,,,,,
Mut13-openmoc-adapter-sa-inverse,openmoc-pincell-mirror-x,not-affected,,,,,
Mut13-openmoc-adapter-sa-inverse,openmc-pincell-mirror-x,not-affected,,,,,
Mut13-openmoc-adapter-sa-inverse,openmoc-pincell-mirror-y,not-affected,,,,,
Mut13-openmoc-adapter-sa-inverse,openmc-pincell-mirror-y,not-affected,,,,,
Mut13-openmoc-adapter-sa-inverse,openmoc-pincell-mirror-x-tally,not-affected,,,,,
Mut13-openmoc-adapter-sa-inverse,openmc-pincell-mirror-x-tally,not-affected,,,,,
Mut13-openmoc-adapter-sa-inverse,openmoc-pincell-mirror-y-tally,not-affected,,,,,
Mut13-openmoc-adapter-sa-inverse,openmc-pincell-mirror-y-tally,not-affected,,,,,
Mut13-openmoc-adapter-sa-inverse,openmoc-pincell-fuel-temperature,not-affected,,,,,
Mut13-openmoc-adapter-sa-inverse,openmc-pincell-fuel-temperature,not-affected,,,,,
Mut13-openmoc-adapter-sa-inverse,openmc-pincell-fuel-temperature-via-add-temperature,not-affected,,,,,
Mut13-openmoc-adapter-sa-inverse,openmc-pincell-moderator-temperature-via-borated-water,not-affected,,,,,
Mut14-openmoc-adapter-sa-moderator,openmoc-pincell-nu-sigma-f,not-affected,,,,,
Mut14-openmoc-adapter-sa-moderator,openmc-pincell-nu-sigma-f,not-affected,,,,,
Mut14-openmoc-adapter-sa-moderator,openmoc-pincell-sigma-a,ran,missed,1.133058,0.476353,0.420414,less
Mut14-openmoc-adapter-sa-moderator,openmc-pincell-sigma-a,not-affected,,,,,
Mut14-openmoc-adapter-sa-moderator,openmoc-pincell-group-permute,not-affected,,,,,
Mut14-openmoc-adapter-sa-moderator,openmoc-pincell-fuel-sigma-t,not-affected,,,,,
Mut14-openmoc-adapter-sa-moderator,openmoc-pincell-moderator-sigma-a,not-affected,,,,,
Mut14-openmoc-adapter-sa-moderator,openmc-pincell-group-permute,not-affected,,,,,
Mut14-openmoc-adapter-sa-moderator,openmc-pincell-fuel-sigma-t,not-affected,,,,,
Mut14-openmoc-adapter-sa-moderator,openmc-pincell-moderator-sigma-a,not-affected,,,,,
Mut14-openmoc-adapter-sa-moderator,openmoc-pincell-fuel-sigma-s,not-affected,,,,,
Mut14-openmoc-adapter-sa-moderator,openmc-pincell-fuel-sigma-s,not-affected,,,,,
Mut14-openmoc-adapter-sa-moderator,openmoc-pincell-fuel-radius,not-affected,,,,,
Mut14-openmoc-adapter-sa-moderator,openmc-pincell-fuel-radius,not-affected,,,,,
Mut14-openmoc-adapter-sa-moderator,openmc-pincell-particles-refine,not-affected,,,,,
Mut14-openmoc-adapter-sa-moderator,openmoc-pincell-rotate-90,not-affected,,,,,
Mut14-openmoc-adapter-sa-moderator,openmc-pincell-rotate-90,not-affected,,,,,
Mut14-openmoc-adapter-sa-moderator,openmoc-pincell-mirror-x,not-affected,,,,,
Mut14-openmoc-adapter-sa-moderator,openmc-pincell-mirror-x,not-affected,,,,,
Mut14-openmoc-adapter-sa-moderator,openmoc-pincell-mirror-y,not-affected,,,,,
Mut14-openmoc-adapter-sa-moderator,openmc-pincell-mirror-y,not-affected,,,,,
Mut14-openmoc-adapter-sa-moderator,openmoc-pincell-mirror-x-tally,not-affected,,,,,
Mut14-openmoc-adapter-sa-moderator,openmc-pincell-mirror-x-tally,not-affected,,,,,
Mut14-openmoc-adapter-sa-moderator,openmoc-pincell-mirror-y-tally,not-affected,,,,,
Mut14-openmoc-adapter-sa-moderator,openmc-pincell-mirror-y-tally,not-affected,,,,,
Mut14-openmoc-adapter-sa-moderator,openmoc-pincell-fuel-temperature,not-affected,,,,,
Mut14-openmoc-adapter-sa-moderator,openmc-pincell-fuel-temperature,not-affected,,,,,
Mut14-openmoc-adapter-sa-moderator,openmc-pincell-fuel-temperature-via-add-temperature,not-affected,,,,,
Mut14-openmoc-adapter-sa-moderator,openmc-pincell-moderator-temperature-via-borated-water,not-affected,,,,,
Mut15-openmc-runner-chi-zero,openmoc-pincell-nu-sigma-f,not-affected,,,,,
Mut15-openmc-runner-chi-zero,openmc-pincell-nu-sigma-f,error,error,,,,
Mut15-openmc-runner-chi-zero,openmoc-pincell-sigma-a,not-affected,,,,,
Mut15-openmc-runner-chi-zero,openmc-pincell-sigma-a,error,error,,,,
Mut15-openmc-runner-chi-zero,openmoc-pincell-group-permute,not-affected,,,,,
Mut15-openmc-runner-chi-zero,openmoc-pincell-fuel-sigma-t,not-affected,,,,,
Mut15-openmc-runner-chi-zero,openmoc-pincell-moderator-sigma-a,not-affected,,,,,
Mut15-openmc-runner-chi-zero,openmc-pincell-group-permute,error,error,,,,
Mut15-openmc-runner-chi-zero,openmc-pincell-fuel-sigma-t,error,error,,,,
Mut15-openmc-runner-chi-zero,openmc-pincell-moderator-sigma-a,error,error,,,,
Mut15-openmc-runner-chi-zero,openmoc-pincell-fuel-sigma-s,not-affected,,,,,
Mut15-openmc-runner-chi-zero,openmc-pincell-fuel-sigma-s,error,error,,,,
Mut15-openmc-runner-chi-zero,openmoc-pincell-fuel-radius,not-affected,,,,,
Mut15-openmc-runner-chi-zero,openmc-pincell-fuel-radius,error,error,,,,
Mut15-openmc-runner-chi-zero,openmc-pincell-particles-refine,error,error,,,,
Mut15-openmc-runner-chi-zero,openmoc-pincell-rotate-90,not-affected,,,,,
Mut15-openmc-runner-chi-zero,openmc-pincell-rotate-90,error,error,,,,
Mut15-openmc-runner-chi-zero,openmoc-pincell-mirror-x,not-affected,,,,,
Mut15-openmc-runner-chi-zero,openmc-pincell-mirror-x,error,error,,,,
Mut15-openmc-runner-chi-zero,openmoc-pincell-mirror-y,not-affected,,,,,
Mut15-openmc-runner-chi-zero,openmc-pincell-mirror-y,error,error,,,,
Mut15-openmc-runner-chi-zero,openmoc-pincell-mirror-x-tally,not-affected,,,,,
Mut15-openmc-runner-chi-zero,openmc-pincell-mirror-x-tally,error,error,,,,
Mut15-openmc-runner-chi-zero,openmoc-pincell-mirror-y-tally,not-affected,,,,,
Mut15-openmc-runner-chi-zero,openmc-pincell-mirror-y-tally,error,error,,,,
Mut15-openmc-runner-chi-zero,openmoc-pincell-fuel-temperature,not-affected,,,,,
Mut15-openmc-runner-chi-zero,openmc-pincell-fuel-temperature,error,error,,,,
Mut15-openmc-runner-chi-zero,openmc-pincell-fuel-temperature-via-add-temperature,error,error,,,,
Mut15-openmc-runner-chi-zero,openmc-pincell-moderator-temperature-via-borated-water,error,error,,,,
Mut16-openmc-runner-scatter-transpose,openmoc-pincell-nu-sigma-f,not-affected,,,,,
Mut16-openmc-runner-scatter-transpose,openmc-pincell-nu-sigma-f,ran,missed,0.582370,0.874299,1.501279,greater
Mut16-openmc-runner-scatter-transpose,openmoc-pincell-sigma-a,not-affected,,,,,
Mut16-openmc-runner-scatter-transpose,openmc-pincell-sigma-a,ran,missed,0.582370,0.398679,0.684581,less
Mut16-openmc-runner-scatter-transpose,openmoc-pincell-group-permute,not-affected,,,,,
Mut16-openmc-runner-scatter-transpose,openmoc-pincell-fuel-sigma-t,not-affected,,,,,
Mut16-openmc-runner-scatter-transpose,openmoc-pincell-moderator-sigma-a,not-affected,,,,,
Mut16-openmc-runner-scatter-transpose,openmc-pincell-group-permute,ran,missed,0.582370,0.582351,0.999968,approx
Mut16-openmc-runner-scatter-transpose,openmc-pincell-fuel-sigma-t,ran,missed,0.582370,0.052393,0.089964,less
Mut16-openmc-runner-scatter-transpose,openmc-pincell-moderator-sigma-a,ran,missed,0.582370,0.560886,0.963110,less
Mut16-openmc-runner-scatter-transpose,openmoc-pincell-fuel-sigma-s,not-affected,,,,,
Mut16-openmc-runner-scatter-transpose,openmc-pincell-fuel-sigma-s,ran,detected,0.582370,0.582169,0.999655,less
Mut16-openmc-runner-scatter-transpose,openmoc-pincell-fuel-radius,not-affected,,,,,
Mut16-openmc-runner-scatter-transpose,openmc-pincell-fuel-radius,ran,missed,0.582370,0.589122,1.011596,greater
Mut16-openmc-runner-scatter-transpose,openmc-pincell-particles-refine,ran,missed,0.582370,0.582628,1.000445,variance-ratio
Mut16-openmc-runner-scatter-transpose,openmoc-pincell-rotate-90,not-affected,,,,,
Mut16-openmc-runner-scatter-transpose,openmc-pincell-rotate-90,ran,missed,0.586431,0.586305,0.999784,approx
Mut16-openmc-runner-scatter-transpose,openmoc-pincell-mirror-x,not-affected,,,,,
Mut16-openmc-runner-scatter-transpose,openmc-pincell-mirror-x,ran,missed,0.578867,0.578447,0.999274,approx
Mut16-openmc-runner-scatter-transpose,openmoc-pincell-mirror-y,not-affected,,,,,
Mut16-openmc-runner-scatter-transpose,openmc-pincell-mirror-y,ran,missed,0.578867,0.578100,0.998674,approx
Mut16-openmc-runner-scatter-transpose,openmoc-pincell-mirror-x-tally,not-affected,,,,,
Mut16-openmc-runner-scatter-transpose,openmc-pincell-mirror-x-tally,ran,missed,0.578867,0.578447,0.999274,flux-pointwise-approx
Mut16-openmc-runner-scatter-transpose,openmoc-pincell-mirror-y-tally,not-affected,,,,,
Mut16-openmc-runner-scatter-transpose,openmc-pincell-mirror-y-tally,ran,missed,0.578867,0.578100,0.998674,flux-pointwise-approx
Mut16-openmc-runner-scatter-transpose,openmoc-pincell-fuel-temperature,not-affected,,,,,
Mut16-openmc-runner-scatter-transpose,openmc-pincell-fuel-temperature,ran,missed,0.582370,0.572079,0.982330,less
Mut16-openmc-runner-scatter-transpose,openmc-pincell-fuel-temperature-via-add-temperature,error,error,,,,
Mut16-openmc-runner-scatter-transpose,openmc-pincell-moderator-temperature-via-borated-water,error,error,,,,
Mut17-openmc-runner-vacuum-boundary,openmoc-pincell-nu-sigma-f,not-affected,,,,,
Mut17-openmc-runner-vacuum-boundary,openmc-pincell-nu-sigma-f,ran,missed,0.004912,0.007376,1.501528,greater
Mut17-openmc-runner-vacuum-boundary,openmoc-pincell-sigma-a,not-affected,,,,,
Mut17-openmc-runner-vacuum-boundary,openmc-pincell-sigma-a,ran,detected,0.004912,0.004861,0.989446,less
Mut17-openmc-runner-vacuum-boundary,openmoc-pincell-group-permute,not-affected,,,,,
Mut17-openmc-runner-vacuum-boundary,openmoc-pincell-fuel-sigma-t,not-affected,,,,,
Mut17-openmc-runner-vacuum-boundary,openmoc-pincell-moderator-sigma-a,not-affected,,,,,
Mut17-openmc-runner-vacuum-boundary,openmc-pincell-group-permute,ran,missed,0.004912,0.004895,0.996364,approx
Mut17-openmc-runner-vacuum-boundary,openmc-pincell-fuel-sigma-t,ran,missed,0.004912,0.004345,0.884403,less
Mut17-openmc-runner-vacuum-boundary,openmc-pincell-moderator-sigma-a,ran,detected,0.004912,0.004956,1.008785,less
Mut17-openmc-runner-vacuum-boundary,openmoc-pincell-fuel-sigma-s,not-affected,,,,,
Mut17-openmc-runner-vacuum-boundary,openmc-pincell-fuel-sigma-s,ran,missed,0.004912,0.004364,0.888469,less
Mut17-openmc-runner-vacuum-boundary,openmoc-pincell-fuel-radius,not-affected,,,,,
Mut17-openmc-runner-vacuum-boundary,openmc-pincell-fuel-radius,ran,missed,0.004912,0.005153,1.049061,greater
Mut17-openmc-runner-vacuum-boundary,openmc-pincell-particles-refine,ran,detected,0.004912,0.004887,0.994741,variance-ratio
Mut17-openmc-runner-vacuum-boundary,openmoc-pincell-rotate-90,not-affected,,,,,
Mut17-openmc-runner-vacuum-boundary,openmc-pincell-rotate-90,ran,detected,0.004783,0.004848,1.013624,approx
Mut17-openmc-runner-vacuum-boundary,openmoc-pincell-mirror-x,not-affected,,,,,
Mut17-openmc-runner-vacuum-boundary,openmc-pincell-mirror-x,ran,missed,0.004914,0.004898,0.996693,approx
Mut17-openmc-runner-vacuum-boundary,openmoc-pincell-mirror-y,not-affected,,,,,
Mut17-openmc-runner-vacuum-boundary,openmc-pincell-mirror-y,ran,missed,0.004914,0.004897,0.996525,approx
Mut17-openmc-runner-vacuum-boundary,openmoc-pincell-mirror-x-tally,not-affected,,,,,
Mut17-openmc-runner-vacuum-boundary,openmc-pincell-mirror-x-tally,ran,detected,0.004914,0.004898,0.996693,flux-pointwise-approx
Mut17-openmc-runner-vacuum-boundary,openmoc-pincell-mirror-y-tally,not-affected,,,,,
Mut17-openmc-runner-vacuum-boundary,openmc-pincell-mirror-y-tally,ran,detected,0.004914,0.004897,0.996525,flux-pointwise-approx
Mut17-openmc-runner-vacuum-boundary,openmoc-pincell-fuel-temperature,not-affected,,,,,
Mut17-openmc-runner-vacuum-boundary,openmc-pincell-fuel-temperature,ran,detected,0.004912,0.004867,0.990690,less
Mut17-openmc-runner-vacuum-boundary,openmc-pincell-fuel-temperature-via-add-temperature,error,error,,,,
Mut17-openmc-runner-vacuum-boundary,openmc-pincell-moderator-temperature-via-borated-water,error,error,,,,
Mut18-openmc-runner-batches-too-few,openmoc-pincell-nu-sigma-f,not-affected,,,,,
Mut18-openmc-runner-batches-too-few,openmc-pincell-nu-sigma-f,ran,missed,1.091869,1.730092,1.584524,greater
Mut18-openmc-runner-batches-too-few,openmoc-pincell-sigma-a,not-affected,,,,,
Mut18-openmc-runner-batches-too-few,openmc-pincell-sigma-a,ran,missed,1.091869,0.861274,0.788807,less
Mut18-openmc-runner-batches-too-few,openmoc-pincell-group-permute,not-affected,,,,,
Mut18-openmc-runner-batches-too-few,openmoc-pincell-fuel-sigma-t,not-affected,,,,,
Mut18-openmc-runner-batches-too-few,openmoc-pincell-moderator-sigma-a,not-affected,,,,,
Mut18-openmc-runner-batches-too-few,openmc-pincell-group-permute,ran,detected,1.091869,1.227412,1.124139,approx
Mut18-openmc-runner-batches-too-few,openmc-pincell-fuel-sigma-t,ran,missed,1.091869,0.111462,0.102084,less
Mut18-openmc-runner-batches-too-few,openmc-pincell-moderator-sigma-a,ran,detected,1.091869,0.997635,0.913695,less
Mut18-openmc-runner-batches-too-few,openmoc-pincell-fuel-sigma-s,not-affected,,,,,
Mut18-openmc-runner-batches-too-few,openmc-pincell-fuel-sigma-s,ran,detected,1.091869,1.170336,1.071865,less
Mut18-openmc-runner-batches-too-few,openmoc-pincell-fuel-radius,not-affected,,,,,
Mut18-openmc-runner-batches-too-few,openmc-pincell-fuel-radius,ran,detected,1.091869,1.137166,1.041486,greater
Mut18-openmc-runner-batches-too-few,openmc-pincell-particles-refine,ran,detected,1.091869,1.091869,1.000000,variance-ratio
Mut18-openmc-runner-batches-too-few,openmoc-pincell-rotate-90,not-affected,,,,,
Mut18-openmc-runner-batches-too-few,openmc-pincell-rotate-90,ran,missed,1.192707,1.188478,0.996454,approx
Mut18-openmc-runner-batches-too-few,openmoc-pincell-mirror-x,not-affected,,,,,
Mut18-openmc-runner-batches-too-few,openmc-pincell-mirror-x,ran,detected,1.197037,1.121405,0.936817,approx
Mut18-openmc-runner-batches-too-few,openmoc-pincell-mirror-y,not-affected,,,,,
Mut18-openmc-runner-batches-too-few,openmc-pincell-mirror-y,ran,detected,1.197037,1.119268,0.935032,approx
Mut18-openmc-runner-batches-too-few,openmoc-pincell-mirror-x-tally,not-affected,,,,,
Mut18-openmc-runner-batches-too-few,openmc-pincell-mirror-x-tally,ran,detected,1.197037,1.121405,0.936817,flux-pointwise-approx
Mut18-openmc-runner-batches-too-few,openmoc-pincell-mirror-y-tally,not-affected,,,,,
Mut18-openmc-runner-batches-too-few,openmc-pincell-mirror-y-tally,ran,detected,1.197037,1.119268,0.935032,flux-pointwise-approx
Mut18-openmc-runner-batches-too-few,openmoc-pincell-fuel-temperature,not-affected,,,,,
Mut18-openmc-runner-batches-too-few,openmc-pincell-fuel-temperature,ran,detected,1.091869,1.087951,0.996412,less
Mut18-openmc-runner-batches-too-few,openmc-pincell-fuel-temperature-via-add-temperature,error,error,,,,
Mut18-openmc-runner-batches-too-few,openmc-pincell-moderator-temperature-via-borated-water,error,error,,,,
Mut19-openmc-runner-hardcode-keff,openmoc-pincell-nu-sigma-f,not-affected,,,,,
Mut19-openmc-runner-hardcode-keff,openmc-pincell-nu-sigma-f,ran,detected,1.000000,1.000000,1.000000,greater
Mut19-openmc-runner-hardcode-keff,openmoc-pincell-sigma-a,not-affected,,,,,
Mut19-openmc-runner-hardcode-keff,openmc-pincell-sigma-a,ran,detected,1.000000,1.000000,1.000000,less
Mut19-openmc-runner-hardcode-keff,openmoc-pincell-group-permute,not-affected,,,,,
Mut19-openmc-runner-hardcode-keff,openmoc-pincell-fuel-sigma-t,not-affected,,,,,
Mut19-openmc-runner-hardcode-keff,openmoc-pincell-moderator-sigma-a,not-affected,,,,,
Mut19-openmc-runner-hardcode-keff,openmc-pincell-group-permute,ran,missed,1.000000,1.000000,1.000000,approx
Mut19-openmc-runner-hardcode-keff,openmc-pincell-fuel-sigma-t,ran,detected,1.000000,1.000000,1.000000,less
Mut19-openmc-runner-hardcode-keff,openmc-pincell-moderator-sigma-a,ran,detected,1.000000,1.000000,1.000000,less
Mut19-openmc-runner-hardcode-keff,openmoc-pincell-fuel-sigma-s,not-affected,,,,,
Mut19-openmc-runner-hardcode-keff,openmc-pincell-fuel-sigma-s,ran,detected,1.000000,1.000000,1.000000,less
Mut19-openmc-runner-hardcode-keff,openmoc-pincell-fuel-radius,not-affected,,,,,
Mut19-openmc-runner-hardcode-keff,openmc-pincell-fuel-radius,ran,detected,1.000000,1.000000,1.000000,greater
Mut19-openmc-runner-hardcode-keff,openmc-pincell-particles-refine,ran,missed,1.000000,1.000000,1.000000,variance-ratio
Mut19-openmc-runner-hardcode-keff,openmoc-pincell-rotate-90,not-affected,,,,,
Mut19-openmc-runner-hardcode-keff,openmc-pincell-rotate-90,ran,missed,1.000000,1.000000,1.000000,approx
Mut19-openmc-runner-hardcode-keff,openmoc-pincell-mirror-x,not-affected,,,,,
Mut19-openmc-runner-hardcode-keff,openmc-pincell-mirror-x,ran,missed,1.000000,1.000000,1.000000,approx
Mut19-openmc-runner-hardcode-keff,openmoc-pincell-mirror-y,not-affected,,,,,
Mut19-openmc-runner-hardcode-keff,openmc-pincell-mirror-y,ran,missed,1.000000,1.000000,1.000000,approx
Mut19-openmc-runner-hardcode-keff,openmoc-pincell-mirror-x-tally,not-affected,,,,,
Mut19-openmc-runner-hardcode-keff,openmc-pincell-mirror-x-tally,ran,missed,1.000000,1.000000,1.000000,flux-pointwise-approx
Mut19-openmc-runner-hardcode-keff,openmoc-pincell-mirror-y-tally,not-affected,,,,,
Mut19-openmc-runner-hardcode-keff,openmc-pincell-mirror-y-tally,ran,missed,1.000000,1.000000,1.000000,flux-pointwise-approx
Mut19-openmc-runner-hardcode-keff,openmoc-pincell-fuel-temperature,not-affected,,,,,
Mut19-openmc-runner-hardcode-keff,openmc-pincell-fuel-temperature,ran,detected,1.000000,1.000000,1.000000,less
Mut19-openmc-runner-hardcode-keff,openmc-pincell-fuel-temperature-via-add-temperature,error,error,,,,
Mut19-openmc-runner-hardcode-keff,openmc-pincell-moderator-temperature-via-borated-water,error,error,,,,
Mut20-openmc-runner-chi-swap-groups,openmoc-pincell-nu-sigma-f,not-affected,,,,,
Mut20-openmc-runner-chi-swap-groups,openmc-pincell-nu-sigma-f,ran,missed,1.279365,1.917749,1.498985,greater
Mut20-openmc-runner-chi-swap-groups,openmoc-pincell-sigma-a,not-affected,,,,,
Mut20-openmc-runner-chi-swap-groups,openmc-pincell-sigma-a,ran,missed,1.279365,0.963104,0.752798,less
Mut20-openmc-runner-chi-swap-groups,openmoc-pincell-group-permute,not-affected,,,,,
Mut20-openmc-runner-chi-swap-groups,openmoc-pincell-fuel-sigma-t,not-affected,,,,,
Mut20-openmc-runner-chi-swap-groups,openmoc-pincell-moderator-sigma-a,not-affected,,,,,
Mut20-openmc-runner-chi-swap-groups,openmc-pincell-group-permute,ran,missed,1.279365,1.277353,0.998427,approx
Mut20-openmc-runner-chi-swap-groups,openmc-pincell-fuel-sigma-t,ran,missed,1.279365,0.290245,0.226866,less
Mut20-openmc-runner-chi-swap-groups,openmc-pincell-moderator-sigma-a,ran,missed,1.279365,1.094337,0.855375,less
Mut20-openmc-runner-chi-swap-groups,openmoc-pincell-fuel-sigma-s,not-affected,,,,,
Mut20-openmc-runner-chi-swap-groups,openmc-pincell-fuel-sigma-s,ran,detected,1.279365,1.278370,0.999222,less
Mut20-openmc-runner-chi-swap-groups,openmoc-pincell-fuel-radius,not-affected,,,,,
Mut20-openmc-runner-chi-swap-groups,openmc-pincell-fuel-radius,ran,missed,1.279365,1.339943,1.047350,greater
Mut20-openmc-runner-chi-swap-groups,openmc-pincell-particles-refine,ran,missed,1.279365,1.278145,0.999046,variance-ratio
Mut20-openmc-runner-chi-swap-groups,openmoc-pincell-rotate-90,not-affected,,,,,
Mut20-openmc-runner-chi-swap-groups,openmc-pincell-rotate-90,ran,missed,1.314837,1.318807,1.003019,approx
Mut20-openmc-runner-chi-swap-groups,openmoc-pincell-mirror-x,not-affected,,,,,
Mut20-openmc-runner-chi-swap-groups,openmc-pincell-mirror-x,ran,missed,1.244610,1.242808,0.998552,approx
Mut20-openmc-runner-chi-swap-groups,openmoc-pincell-mirror-y,not-affected,,,,,
Mut20-openmc-runner-chi-swap-groups,openmc-pincell-mirror-y,ran,missed,1.244610,1.240036,0.996325,approx
Mut20-openmc-runner-chi-swap-groups,openmoc-pincell-mirror-x-tally,not-affected,,,,,
Mut20-openmc-runner-chi-swap-groups,openmc-pincell-mirror-x-tally,ran,missed,1.244610,1.242808,0.998552,flux-pointwise-approx
Mut20-openmc-runner-chi-swap-groups,openmoc-pincell-mirror-y-tally,not-affected,,,,,
Mut20-openmc-runner-chi-swap-groups,openmc-pincell-mirror-y-tally,ran,missed,1.244610,1.240036,0.996325,flux-pointwise-approx
Mut20-openmc-runner-chi-swap-groups,openmoc-pincell-fuel-temperature,not-affected,,,,,
Mut20-openmc-runner-chi-swap-groups,openmc-pincell-fuel-temperature,ran,missed,1.279365,1.264651,0.988498,less
Mut20-openmc-runner-chi-swap-groups,openmc-pincell-fuel-temperature-via-add-temperature,error,error,,,,
Mut20-openmc-runner-chi-swap-groups,openmc-pincell-moderator-temperature-via-borated-water,error,error,,,,
Mut21-openmc-runner-fission-zero,openmoc-pincell-nu-sigma-f,not-affected,,,,,
Mut21-openmc-runner-fission-zero,openmc-pincell-nu-sigma-f,ran,missed,1.124500,1.689961,1.502855,greater
Mut21-openmc-runner-fission-zero,openmoc-pincell-sigma-a,not-affected,,,,,
Mut21-openmc-runner-fission-zero,openmc-pincell-sigma-a,ran,missed,1.124500,0.802717,0.713844,less
Mut21-openmc-runner-fission-zero,openmoc-pincell-group-permute,not-affected,,,,,
Mut21-openmc-runner-fission-zero,openmoc-pincell-fuel-sigma-t,not-affected,,,,,
Mut21-openmc-runner-fission-zero,openmoc-pincell-moderator-sigma-a,not-affected,,,,,
Mut21-openmc-runner-fission-zero,openmc-pincell-group-permute,ran,missed,1.124500,1.126010,1.001342,approx
Mut21-openmc-runner-fission-zero,openmc-pincell-fuel-sigma-t,ran,missed,1.124500,0.112923,0.100421,less
Mut21-openmc-runner-fission-zero,openmc-pincell-moderator-sigma-a,ran,missed,1.124500,0.968311,0.861104,less
Mut21-openmc-runner-fission-zero,openmoc-pincell-fuel-sigma-s,not-affected,,,,,
Mut21-openmc-runner-fission-zero,openmc-pincell-fuel-sigma-s,ran,missed,1.124500,1.093257,0.972216,less
Mut21-openmc-runner-fission-zero,openmoc-pincell-fuel-radius,not-affected,,,,,
Mut21-openmc-runner-fission-zero,openmc-pincell-fuel-radius,ran,missed,1.124500,1.170859,1.041226,greater
Mut21-openmc-runner-fission-zero,openmc-pincell-particles-refine,ran,missed,1.124500,1.124766,1.000236,variance-ratio
Mut21-openmc-runner-fission-zero,openmoc-pincell-rotate-90,not-affected,,,,,
Mut21-openmc-runner-fission-zero,openmc-pincell-rotate-90,ran,missed,1.154382,1.153536,0.999268,approx
Mut21-openmc-runner-fission-zero,openmoc-pincell-mirror-x,not-affected,,,,,
Mut21-openmc-runner-fission-zero,openmc-pincell-mirror-x,ran,missed,1.096015,1.098078,1.001882,approx
Mut21-openmc-runner-fission-zero,openmoc-pincell-mirror-y,not-affected,,,,,
Mut21-openmc-runner-fission-zero,openmc-pincell-mirror-y,ran,missed,1.096015,1.095554,0.999579,approx
Mut21-openmc-runner-fission-zero,openmoc-pincell-mirror-x-tally,not-affected,,,,,
Mut21-openmc-runner-fission-zero,openmc-pincell-mirror-x-tally,ran,missed,1.096015,1.098078,1.001882,flux-pointwise-approx
Mut21-openmc-runner-fission-zero,openmoc-pincell-mirror-y-tally,not-affected,,,,,
Mut21-openmc-runner-fission-zero,openmc-pincell-mirror-y-tally,ran,missed,1.096015,1.095554,0.999579,flux-pointwise-approx
Mut21-openmc-runner-fission-zero,openmoc-pincell-fuel-temperature,not-affected,,,,,
Mut21-openmc-runner-fission-zero,openmc-pincell-fuel-temperature,ran,missed,1.124500,1.109656,0.986800,less
Mut21-openmc-runner-fission-zero,openmc-pincell-fuel-temperature-via-add-temperature,error,error,,,,
Mut21-openmc-runner-fission-zero,openmc-pincell-moderator-temperature-via-borated-water,error,error,,,,
Mut22-openmc-adapter-nsf-inverse,openmoc-pincell-nu-sigma-f,not-affected,,,,,
Mut22-openmc-adapter-nsf-inverse,openmc-pincell-nu-sigma-f,ran,detected,1.124500,0.750332,0.667258,greater
Mut22-openmc-adapter-nsf-inverse,openmoc-pincell-sigma-a,not-affected,,,,,
Mut22-openmc-adapter-nsf-inverse,openmc-pincell-sigma-a,not-affected,,,,,
Mut22-openmc-adapter-nsf-inverse,openmoc-pincell-group-permute,not-affected,,,,,
Mut22-openmc-adapter-nsf-inverse,openmoc-pincell-fuel-sigma-t,not-affected,,,,,
Mut22-openmc-adapter-nsf-inverse,openmoc-pincell-moderator-sigma-a,not-affected,,,,,
Mut22-openmc-adapter-nsf-inverse,openmc-pincell-group-permute,not-affected,,,,,
Mut22-openmc-adapter-nsf-inverse,openmc-pincell-fuel-sigma-t,not-affected,,,,,
Mut22-openmc-adapter-nsf-inverse,openmc-pincell-moderator-sigma-a,not-affected,,,,,
Mut22-openmc-adapter-nsf-inverse,openmoc-pincell-fuel-sigma-s,not-affected,,,,,
Mut22-openmc-adapter-nsf-inverse,openmc-pincell-fuel-sigma-s,not-affected,,,,,
Mut22-openmc-adapter-nsf-inverse,openmoc-pincell-fuel-radius,not-affected,,,,,
Mut22-openmc-adapter-nsf-inverse,openmc-pincell-fuel-radius,not-affected,,,,,
Mut22-openmc-adapter-nsf-inverse,openmc-pincell-particles-refine,not-affected,,,,,
Mut22-openmc-adapter-nsf-inverse,openmoc-pincell-rotate-90,not-affected,,,,,
Mut22-openmc-adapter-nsf-inverse,openmc-pincell-rotate-90,not-affected,,,,,
Mut22-openmc-adapter-nsf-inverse,openmoc-pincell-mirror-x,not-affected,,,,,
Mut22-openmc-adapter-nsf-inverse,openmc-pincell-mirror-x,not-affected,,,,,
Mut22-openmc-adapter-nsf-inverse,openmoc-pincell-mirror-y,not-affected,,,,,
Mut22-openmc-adapter-nsf-inverse,openmc-pincell-mirror-y,not-affected,,,,,
Mut22-openmc-adapter-nsf-inverse,openmoc-pincell-mirror-x-tally,not-affected,,,,,
Mut22-openmc-adapter-nsf-inverse,openmc-pincell-mirror-x-tally,not-affected,,,,,
Mut22-openmc-adapter-nsf-inverse,openmoc-pincell-mirror-y-tally,not-affected,,,,,
Mut22-openmc-adapter-nsf-inverse,openmc-pincell-mirror-y-tally,not-affected,,,,,
Mut22-openmc-adapter-nsf-inverse,openmoc-pincell-fuel-temperature,not-affected,,,,,
Mut22-openmc-adapter-nsf-inverse,openmc-pincell-fuel-temperature,not-affected,,,,,
Mut22-openmc-adapter-nsf-inverse,openmc-pincell-fuel-temperature-via-add-temperature,not-affected,,,,,
Mut22-openmc-adapter-nsf-inverse,openmc-pincell-moderator-temperature-via-borated-water,not-affected,,,,,
Mut23-openmc-adapter-nsf-square,openmoc-pincell-nu-sigma-f,not-affected,,,,,
Mut23-openmc-adapter-nsf-square,openmc-pincell-nu-sigma-f,ran,missed,1.124500,2.535312,2.254613,greater
Mut23-openmc-adapter-nsf-square,openmoc-pincell-sigma-a,not-affected,,,,,
Mut23-openmc-adapter-nsf-square,openmc-pincell-sigma-a,not-affected,,,,,
Mut23-openmc-adapter-nsf-square,openmoc-pincell-group-permute,not-affected,,,,,
Mut23-openmc-adapter-nsf-square,openmoc-pincell-fuel-sigma-t,not-affected,,,,,
Mut23-openmc-adapter-nsf-square,openmoc-pincell-moderator-sigma-a,not-affected,,,,,
Mut23-openmc-adapter-nsf-square,openmc-pincell-group-permute,not-affected,,,,,
Mut23-openmc-adapter-nsf-square,openmc-pincell-fuel-sigma-t,not-affected,,,,,
Mut23-openmc-adapter-nsf-square,openmc-pincell-moderator-sigma-a,not-affected,,,,,
Mut23-openmc-adapter-nsf-square,openmoc-pincell-fuel-sigma-s,not-affected,,,,,
Mut23-openmc-adapter-nsf-square,openmc-pincell-fuel-sigma-s,not-affected,,,,,
Mut23-openmc-adapter-nsf-square,openmoc-pincell-fuel-radius,not-affected,,,,,
Mut23-openmc-adapter-nsf-square,openmc-pincell-fuel-radius,not-affected,,,,,
Mut23-openmc-adapter-nsf-square,openmc-pincell-particles-refine,not-affected,,,,,
Mut23-openmc-adapter-nsf-square,openmoc-pincell-rotate-90,not-affected,,,,,
Mut23-openmc-adapter-nsf-square,openmc-pincell-rotate-90,not-affected,,,,,
Mut23-openmc-adapter-nsf-square,openmoc-pincell-mirror-x,not-affected,,,,,
Mut23-openmc-adapter-nsf-square,openmc-pincell-mirror-x,not-affected,,,,,
Mut23-openmc-adapter-nsf-square,openmoc-pincell-mirror-y,not-affected,,,,,
Mut23-openmc-adapter-nsf-square,openmc-pincell-mirror-y,not-affected,,,,,
Mut23-openmc-adapter-nsf-square,openmoc-pincell-mirror-x-tally,not-affected,,,,,
Mut23-openmc-adapter-nsf-square,openmc-pincell-mirror-x-tally,not-affected,,,,,
Mut23-openmc-adapter-nsf-square,openmoc-pincell-mirror-y-tally,not-affected,,,,,
Mut23-openmc-adapter-nsf-square,openmc-pincell-mirror-y-tally,not-affected,,,,,
Mut23-openmc-adapter-nsf-square,openmoc-pincell-fuel-temperature,not-affected,,,,,
Mut23-openmc-adapter-nsf-square,openmc-pincell-fuel-temperature,not-affected,,,,,
Mut23-openmc-adapter-nsf-square,openmc-pincell-fuel-temperature-via-add-temperature,not-affected,,,,,
Mut23-openmc-adapter-nsf-square,openmc-pincell-moderator-temperature-via-borated-water,not-affected,,,,,
Mut24-openmc-adapter-nsf-moderator,openmoc-pincell-nu-sigma-f,not-affected,,,,,
Mut24-openmc-adapter-nsf-moderator,openmc-pincell-nu-sigma-f,ran,detected,1.124500,1.124500,1.000000,greater
Mut24-openmc-adapter-nsf-moderator,openmoc-pincell-sigma-a,not-affected,,,,,
Mut24-openmc-adapter-nsf-moderator,openmc-pincell-sigma-a,not-affected,,,,,
Mut24-openmc-adapter-nsf-moderator,openmoc-pincell-group-permute,not-affected,,,,,
Mut24-openmc-adapter-nsf-moderator,openmoc-pincell-fuel-sigma-t,not-affected,,,,,
Mut24-openmc-adapter-nsf-moderator,openmoc-pincell-moderator-sigma-a,not-affected,,,,,
Mut24-openmc-adapter-nsf-moderator,openmc-pincell-group-permute,not-affected,,,,,
Mut24-openmc-adapter-nsf-moderator,openmc-pincell-fuel-sigma-t,not-affected,,,,,
Mut24-openmc-adapter-nsf-moderator,openmc-pincell-moderator-sigma-a,not-affected,,,,,
Mut24-openmc-adapter-nsf-moderator,openmoc-pincell-fuel-sigma-s,not-affected,,,,,
Mut24-openmc-adapter-nsf-moderator,openmc-pincell-fuel-sigma-s,not-affected,,,,,
Mut24-openmc-adapter-nsf-moderator,openmoc-pincell-fuel-radius,not-affected,,,,,
Mut24-openmc-adapter-nsf-moderator,openmc-pincell-fuel-radius,not-affected,,,,,
Mut24-openmc-adapter-nsf-moderator,openmc-pincell-particles-refine,not-affected,,,,,
Mut24-openmc-adapter-nsf-moderator,openmoc-pincell-rotate-90,not-affected,,,,,
Mut24-openmc-adapter-nsf-moderator,openmc-pincell-rotate-90,not-affected,,,,,
Mut24-openmc-adapter-nsf-moderator,openmoc-pincell-mirror-x,not-affected,,,,,
Mut24-openmc-adapter-nsf-moderator,openmc-pincell-mirror-x,not-affected,,,,,
Mut24-openmc-adapter-nsf-moderator,openmoc-pincell-mirror-y,not-affected,,,,,
Mut24-openmc-adapter-nsf-moderator,openmc-pincell-mirror-y,not-affected,,,,,
Mut24-openmc-adapter-nsf-moderator,openmoc-pincell-mirror-x-tally,not-affected,,,,,
Mut24-openmc-adapter-nsf-moderator,openmc-pincell-mirror-x-tally,not-affected,,,,,
Mut24-openmc-adapter-nsf-moderator,openmoc-pincell-mirror-y-tally,not-affected,,,,,
Mut24-openmc-adapter-nsf-moderator,openmc-pincell-mirror-y-tally,not-affected,,,,,
Mut24-openmc-adapter-nsf-moderator,openmoc-pincell-fuel-temperature,not-affected,,,,,
Mut24-openmc-adapter-nsf-moderator,openmc-pincell-fuel-temperature,not-affected,,,,,
Mut24-openmc-adapter-nsf-moderator,openmc-pincell-fuel-temperature-via-add-temperature,not-affected,,,,,
Mut24-openmc-adapter-nsf-moderator,openmc-pincell-moderator-temperature-via-borated-water,not-affected,,,,,
Mut25-openmc-adapter-nsf-identity,openmoc-pincell-nu-sigma-f,not-affected,,,,,
Mut25-openmc-adapter-nsf-identity,openmc-pincell-nu-sigma-f,ran,detected,1.124500,1.124500,1.000000,greater
Mut25-openmc-adapter-nsf-identity,openmoc-pincell-sigma-a,not-affected,,,,,
Mut25-openmc-adapter-nsf-identity,openmc-pincell-sigma-a,not-affected,,,,,
Mut25-openmc-adapter-nsf-identity,openmoc-pincell-group-permute,not-affected,,,,,
Mut25-openmc-adapter-nsf-identity,openmoc-pincell-fuel-sigma-t,not-affected,,,,,
Mut25-openmc-adapter-nsf-identity,openmoc-pincell-moderator-sigma-a,not-affected,,,,,
Mut25-openmc-adapter-nsf-identity,openmc-pincell-group-permute,not-affected,,,,,
Mut25-openmc-adapter-nsf-identity,openmc-pincell-fuel-sigma-t,not-affected,,,,,
Mut25-openmc-adapter-nsf-identity,openmc-pincell-moderator-sigma-a,not-affected,,,,,
Mut25-openmc-adapter-nsf-identity,openmoc-pincell-fuel-sigma-s,not-affected,,,,,
Mut25-openmc-adapter-nsf-identity,openmc-pincell-fuel-sigma-s,not-affected,,,,,
Mut25-openmc-adapter-nsf-identity,openmoc-pincell-fuel-radius,not-affected,,,,,
Mut25-openmc-adapter-nsf-identity,openmc-pincell-fuel-radius,not-affected,,,,,
Mut25-openmc-adapter-nsf-identity,openmc-pincell-particles-refine,not-affected,,,,,
Mut25-openmc-adapter-nsf-identity,openmoc-pincell-rotate-90,not-affected,,,,,
Mut25-openmc-adapter-nsf-identity,openmc-pincell-rotate-90,not-affected,,,,,
Mut25-openmc-adapter-nsf-identity,openmoc-pincell-mirror-x,not-affected,,,,,
Mut25-openmc-adapter-nsf-identity,openmc-pincell-mirror-x,not-affected,,,,,
Mut25-openmc-adapter-nsf-identity,openmoc-pincell-mirror-y,not-affected,,,,,
Mut25-openmc-adapter-nsf-identity,openmc-pincell-mirror-y,not-affected,,,,,
Mut25-openmc-adapter-nsf-identity,openmoc-pincell-mirror-x-tally,not-affected,,,,,
Mut25-openmc-adapter-nsf-identity,openmc-pincell-mirror-x-tally,not-affected,,,,,
Mut25-openmc-adapter-nsf-identity,openmoc-pincell-mirror-y-tally,not-affected,,,,,
Mut25-openmc-adapter-nsf-identity,openmc-pincell-mirror-y-tally,not-affected,,,,,
Mut25-openmc-adapter-nsf-identity,openmoc-pincell-fuel-temperature,not-affected,,,,,
Mut25-openmc-adapter-nsf-identity,openmc-pincell-fuel-temperature,not-affected,,,,,
Mut25-openmc-adapter-nsf-identity,openmc-pincell-fuel-temperature-via-add-temperature,not-affected,,,,,
Mut25-openmc-adapter-nsf-identity,openmc-pincell-moderator-temperature-via-borated-water,not-affected,,,,,
Mut27-openmc-adapter-sa-inverse,openmoc-pincell-nu-sigma-f,not-affected,,,,,
Mut27-openmc-adapter-sa-inverse,openmc-pincell-nu-sigma-f,not-affected,,,,,
Mut27-openmc-adapter-sa-inverse,openmoc-pincell-sigma-a,not-affected,,,,,
Mut27-openmc-adapter-sa-inverse,openmc-pincell-sigma-a,ran,detected,1.124500,1.498816,1.332873,less
Mut27-openmc-adapter-sa-inverse,openmoc-pincell-group-permute,not-affected,,,,,
Mut27-openmc-adapter-sa-inverse,openmoc-pincell-fuel-sigma-t,not-affected,,,,,
Mut27-openmc-adapter-sa-inverse,openmoc-pincell-moderator-sigma-a,not-affected,,,,,
Mut27-openmc-adapter-sa-inverse,openmc-pincell-group-permute,not-affected,,,,,
Mut27-openmc-adapter-sa-inverse,openmc-pincell-fuel-sigma-t,not-affected,,,,,
Mut27-openmc-adapter-sa-inverse,openmc-pincell-moderator-sigma-a,not-affected,,,,,
Mut27-openmc-adapter-sa-inverse,openmoc-pincell-fuel-sigma-s,not-affected,,,,,
Mut27-openmc-adapter-sa-inverse,openmc-pincell-fuel-sigma-s,not-affected,,,,,
Mut27-openmc-adapter-sa-inverse,openmoc-pincell-fuel-radius,not-affected,,,,,
Mut27-openmc-adapter-sa-inverse,openmc-pincell-fuel-radius,not-affected,,,,,
Mut27-openmc-adapter-sa-inverse,openmc-pincell-particles-refine,not-affected,,,,,
Mut27-openmc-adapter-sa-inverse,openmoc-pincell-rotate-90,not-affected,,,,,
Mut27-openmc-adapter-sa-inverse,openmc-pincell-rotate-90,not-affected,,,,,
Mut27-openmc-adapter-sa-inverse,openmoc-pincell-mirror-x,not-affected,,,,,
Mut27-openmc-adapter-sa-inverse,openmc-pincell-mirror-x,not-affected,,,,,
Mut27-openmc-adapter-sa-inverse,openmoc-pincell-mirror-y,not-affected,,,,,
Mut27-openmc-adapter-sa-inverse,openmc-pincell-mirror-y,not-affected,,,,,
Mut27-openmc-adapter-sa-inverse,openmoc-pincell-mirror-x-tally,not-affected,,,,,
Mut27-openmc-adapter-sa-inverse,openmc-pincell-mirror-x-tally,not-affected,,,,,
Mut27-openmc-adapter-sa-inverse,openmoc-pincell-mirror-y-tally,not-affected,,,,,
Mut27-openmc-adapter-sa-inverse,openmc-pincell-mirror-y-tally,not-affected,,,,,
Mut27-openmc-adapter-sa-inverse,openmoc-pincell-fuel-temperature,not-affected,,,,,
Mut27-openmc-adapter-sa-inverse,openmc-pincell-fuel-temperature,not-affected,,,,,
Mut27-openmc-adapter-sa-inverse,openmc-pincell-fuel-temperature-via-add-temperature,not-affected,,,,,
Mut27-openmc-adapter-sa-inverse,openmc-pincell-moderator-temperature-via-borated-water,not-affected,,,,,
Mut28-openmoc-runner-chi-fast-only,openmoc-pincell-nu-sigma-f,ran,missed,1.133058,1.699904,1.500279,greater
Mut28-openmoc-runner-chi-fast-only,openmc-pincell-nu-sigma-f,not-affected,,,,,
Mut28-openmoc-runner-chi-fast-only,openmoc-pincell-sigma-a,ran,missed,1.133058,0.806904,0.712147,less
Mut28-openmoc-runner-chi-fast-only,openmc-pincell-sigma-a,not-affected,,,,,
Mut28-openmoc-runner-chi-fast-only,openmoc-pincell-group-permute,ran,detected,1.133058,1.277998,1.127919,approx
Mut28-openmoc-runner-chi-fast-only,openmoc-pincell-fuel-sigma-t,ran,missed,1.133058,0.111272,0.098205,less
Mut28-openmoc-runner-chi-fast-only,openmoc-pincell-moderator-sigma-a,ran,missed,1.133058,0.476353,0.420414,less
Mut28-openmoc-runner-chi-fast-only,openmc-pincell-group-permute,not-affected,,,,,
Mut28-openmoc-runner-chi-fast-only,openmc-pincell-fuel-sigma-t,not-affected,,,,,
Mut28-openmoc-runner-chi-fast-only,openmc-pincell-moderator-sigma-a,not-affected,,,,,
Mut28-openmoc-runner-chi-fast-only,openmoc-pincell-fuel-sigma-s,ran,missed,1.133058,1.091853,0.963633,less
Mut28-openmoc-runner-chi-fast-only,openmc-pincell-fuel-sigma-s,not-affected,,,,,
Mut28-openmoc-runner-chi-fast-only,openmoc-pincell-fuel-radius,ran,missed,1.133058,1.174761,1.036805,greater
Mut28-openmoc-runner-chi-fast-only,openmc-pincell-fuel-radius,not-affected,,,,,
Mut28-openmoc-runner-chi-fast-only,openmc-pincell-particles-refine,not-affected,,,,,
Mut28-openmoc-runner-chi-fast-only,openmoc-pincell-rotate-90,ran,missed,1.159502,1.159492,0.999991,approx
Mut28-openmoc-runner-chi-fast-only,openmc-pincell-rotate-90,not-affected,,,,,
Mut28-openmoc-runner-chi-fast-only,openmoc-pincell-mirror-x,ran,missed,1.102712,1.102702,0.999991,approx
Mut28-openmoc-runner-chi-fast-only,openmc-pincell-mirror-x,not-affected,,,,,
Mut28-openmoc-runner-chi-fast-only,openmoc-pincell-mirror-y,ran,missed,1.102712,1.102711,0.999999,approx
Mut28-openmoc-runner-chi-fast-only,openmc-pincell-mirror-y,not-affected,,,,,
Mut28-openmoc-runner-chi-fast-only,openmoc-pincell-mirror-x-tally,ran,missed,1.102712,1.102702,0.999991,flux-pointwise-approx
Mut28-openmoc-runner-chi-fast-only,openmc-pincell-mirror-x-tally,not-affected,,,,,
Mut28-openmoc-runner-chi-fast-only,openmoc-pincell-mirror-y-tally,ran,missed,1.102712,1.102711,0.999999,flux-pointwise-approx
Mut28-openmoc-runner-chi-fast-only,openmc-pincell-mirror-y-tally,not-affected,,,,,
Mut28-openmoc-runner-chi-fast-only,openmoc-pincell-fuel-temperature,ran,missed,1.133058,1.115657,0.984642,less
Mut28-openmoc-runner-chi-fast-only,openmc-pincell-fuel-temperature,not-affected,,,,,
Mut28-openmoc-runner-chi-fast-only,openmc-pincell-fuel-temperature-via-add-temperature,not-affected,,,,,
Mut28-openmoc-runner-chi-fast-only,openmc-pincell-moderator-temperature-via-borated-water,not-affected,,,,,
Mut30-openmoc-adapter-moderator-sigma-a-no-sigt-update,openmoc-pincell-nu-sigma-f,not-affected,,,,,
Mut30-openmoc-adapter-moderator-sigma-a-no-sigt-update,openmc-pincell-nu-sigma-f,not-affected,,,,,
Mut30-openmoc-adapter-moderator-sigma-a-no-sigt-update,openmoc-pincell-sigma-a,not-affected,,,,,
Mut30-openmoc-adapter-moderator-sigma-a-no-sigt-update,openmc-pincell-sigma-a,not-affected,,,,,
Mut30-openmoc-adapter-moderator-sigma-a-no-sigt-update,openmoc-pincell-group-permute,not-affected,,,,,
Mut30-openmoc-adapter-moderator-sigma-a-no-sigt-update,openmoc-pincell-fuel-sigma-t,not-affected,,,,,
Mut30-openmoc-adapter-moderator-sigma-a-no-sigt-update,openmoc-pincell-moderator-sigma-a,ran,detected,1.133058,1.133058,1.000000,less
Mut30-openmoc-adapter-moderator-sigma-a-no-sigt-update,openmc-pincell-group-permute,not-affected,,,,,
Mut30-openmoc-adapter-moderator-sigma-a-no-sigt-update,openmc-pincell-fuel-sigma-t,not-affected,,,,,
Mut30-openmoc-adapter-moderator-sigma-a-no-sigt-update,openmc-pincell-moderator-sigma-a,not-affected,,,,,
Mut30-openmoc-adapter-moderator-sigma-a-no-sigt-update,openmoc-pincell-fuel-sigma-s,not-affected,,,,,
Mut30-openmoc-adapter-moderator-sigma-a-no-sigt-update,openmc-pincell-fuel-sigma-s,not-affected,,,,,
Mut30-openmoc-adapter-moderator-sigma-a-no-sigt-update,openmoc-pincell-fuel-radius,not-affected,,,,,
Mut30-openmoc-adapter-moderator-sigma-a-no-sigt-update,openmc-pincell-fuel-radius,not-affected,,,,,
Mut30-openmoc-adapter-moderator-sigma-a-no-sigt-update,openmc-pincell-particles-refine,not-affected,,,,,
Mut30-openmoc-adapter-moderator-sigma-a-no-sigt-update,openmoc-pincell-rotate-90,not-affected,,,,,
Mut30-openmoc-adapter-moderator-sigma-a-no-sigt-update,openmc-pincell-rotate-90,not-affected,,,,,
Mut30-openmoc-adapter-moderator-sigma-a-no-sigt-update,openmoc-pincell-mirror-x,not-affected,,,,,
Mut30-openmoc-adapter-moderator-sigma-a-no-sigt-update,openmc-pincell-mirror-x,not-affected,,,,,
Mut30-openmoc-adapter-moderator-sigma-a-no-sigt-update,openmoc-pincell-mirror-y,not-affected,,,,,
Mut30-openmoc-adapter-moderator-sigma-a-no-sigt-update,openmc-pincell-mirror-y,not-affected,,,,,
Mut30-openmoc-adapter-moderator-sigma-a-no-sigt-update,openmoc-pincell-mirror-x-tally,not-affected,,,,,
Mut30-openmoc-adapter-moderator-sigma-a-no-sigt-update,openmc-pincell-mirror-x-tally,not-affected,,,,,
Mut30-openmoc-adapter-moderator-sigma-a-no-sigt-update,openmoc-pincell-mirror-y-tally,not-affected,,,,,
Mut30-openmoc-adapter-moderator-sigma-a-no-sigt-update,openmc-pincell-mirror-y-tally,not-affected,,,,,
Mut30-openmoc-adapter-moderator-sigma-a-no-sigt-update,openmoc-pincell-fuel-temperature,not-affected,,,,,
Mut30-openmoc-adapter-moderator-sigma-a-no-sigt-update,openmc-pincell-fuel-temperature,not-affected,,,,,
Mut30-openmoc-adapter-moderator-sigma-a-no-sigt-update,openmc-pincell-fuel-temperature-via-add-temperature,not-affected,,,,,
Mut30-openmoc-adapter-moderator-sigma-a-no-sigt-update,openmc-pincell-moderator-temperature-via-borated-water,not-affected,,,,,
Mut31-openmoc-adapter-group-permute-fuel-only,openmoc-pincell-nu-sigma-f,not-affected,,,,,
Mut31-openmoc-adapter-group-permute-fuel-only,openmc-pincell-nu-sigma-f,not-affected,,,,,
Mut31-openmoc-adapter-group-permute-fuel-only,openmoc-pincell-sigma-a,not-affected,,,,,
Mut31-openmoc-adapter-group-permute-fuel-only,openmc-pincell-sigma-a,not-affected,,,,,
Mut31-openmoc-adapter-group-permute-fuel-only,openmoc-pincell-group-permute,ran,detected,1.133058,0.538055,0.474870,approx
Mut31-openmoc-adapter-group-permute-fuel-only,openmoc-pincell-fuel-sigma-t,not-affected,,,,,
Mut31-openmoc-adapter-group-permute-fuel-only,openmoc-pincell-moderator-sigma-a,not-affected,,,,,
Mut31-openmoc-adapter-group-permute-fuel-only,openmc-pincell-group-permute,not-affected,,,,,
Mut31-openmoc-adapter-group-permute-fuel-only,openmc-pincell-fuel-sigma-t,not-affected,,,,,
Mut31-openmoc-adapter-group-permute-fuel-only,openmc-pincell-moderator-sigma-a,not-affected,,,,,
Mut31-openmoc-adapter-group-permute-fuel-only,openmoc-pincell-fuel-sigma-s,not-affected,,,,,
Mut31-openmoc-adapter-group-permute-fuel-only,openmc-pincell-fuel-sigma-s,not-affected,,,,,
Mut31-openmoc-adapter-group-permute-fuel-only,openmoc-pincell-fuel-radius,not-affected,,,,,
Mut31-openmoc-adapter-group-permute-fuel-only,openmc-pincell-fuel-radius,not-affected,,,,,
Mut31-openmoc-adapter-group-permute-fuel-only,openmc-pincell-particles-refine,not-affected,,,,,
Mut31-openmoc-adapter-group-permute-fuel-only,openmoc-pincell-rotate-90,not-affected,,,,,
Mut31-openmoc-adapter-group-permute-fuel-only,openmc-pincell-rotate-90,not-affected,,,,,
Mut31-openmoc-adapter-group-permute-fuel-only,openmoc-pincell-mirror-x,not-affected,,,,,
Mut31-openmoc-adapter-group-permute-fuel-only,openmc-pincell-mirror-x,not-affected,,,,,
Mut31-openmoc-adapter-group-permute-fuel-only,openmoc-pincell-mirror-y,not-affected,,,,,
Mut31-openmoc-adapter-group-permute-fuel-only,openmc-pincell-mirror-y,not-affected,,,,,
Mut31-openmoc-adapter-group-permute-fuel-only,openmoc-pincell-mirror-x-tally,not-affected,,,,,
Mut31-openmoc-adapter-group-permute-fuel-only,openmc-pincell-mirror-x-tally,not-affected,,,,,
Mut31-openmoc-adapter-group-permute-fuel-only,openmoc-pincell-mirror-y-tally,not-affected,,,,,
Mut31-openmoc-adapter-group-permute-fuel-only,openmc-pincell-mirror-y-tally,not-affected,,,,,
Mut31-openmoc-adapter-group-permute-fuel-only,openmoc-pincell-fuel-temperature,not-affected,,,,,
Mut31-openmoc-adapter-group-permute-fuel-only,openmc-pincell-fuel-temperature,not-affected,,,,,
Mut31-openmoc-adapter-group-permute-fuel-only,openmc-pincell-fuel-temperature-via-add-temperature,not-affected,,,,,
Mut31-openmoc-adapter-group-permute-fuel-only,openmc-pincell-moderator-temperature-via-borated-water,not-affected,,,,,
Mut32-openmoc-adapter-fuel-sigma-s-identity,openmoc-pincell-nu-sigma-f,not-affected,,,,,
Mut32-openmoc-adapter-fuel-sigma-s-identity,openmc-pincell-nu-sigma-f,not-affected,,,,,
Mut32-openmoc-adapter-fuel-sigma-s-identity,openmoc-pincell-sigma-a,not-affected,,,,,
Mut32-openmoc-adapter-fuel-sigma-s-identity,openmc-pincell-sigma-a,not-affected,,,,,
Mut32-openmoc-adapter-fuel-sigma-s-identity,openmoc-pincell-group-permute,not-affected,,,,,
Mut32-openmoc-adapter-fuel-sigma-s-identity,openmoc-pincell-fuel-sigma-t,not-affected,,,,,
Mut32-openmoc-adapter-fuel-sigma-s-identity,openmoc-pincell-moderator-sigma-a,not-affected,,,,,
Mut32-openmoc-adapter-fuel-sigma-s-identity,openmc-pincell-group-permute,not-affected,,,,,
Mut32-openmoc-adapter-fuel-sigma-s-identity,openmc-pincell-fuel-sigma-t,not-affected,,,,,
Mut32-openmoc-adapter-fuel-sigma-s-identity,openmc-pincell-moderator-sigma-a,not-affected,,,,,
Mut32-openmoc-adapter-fuel-sigma-s-identity,openmoc-pincell-fuel-sigma-s,ran,detected,1.133058,1.133058,1.000000,less
Mut32-openmoc-adapter-fuel-sigma-s-identity,openmc-pincell-fuel-sigma-s,not-affected,,,,,
Mut32-openmoc-adapter-fuel-sigma-s-identity,openmoc-pincell-fuel-radius,not-affected,,,,,
Mut32-openmoc-adapter-fuel-sigma-s-identity,openmc-pincell-fuel-radius,not-affected,,,,,
Mut32-openmoc-adapter-fuel-sigma-s-identity,openmc-pincell-particles-refine,not-affected,,,,,
Mut32-openmoc-adapter-fuel-sigma-s-identity,openmoc-pincell-rotate-90,not-affected,,,,,
Mut32-openmoc-adapter-fuel-sigma-s-identity,openmc-pincell-rotate-90,not-affected,,,,,
Mut32-openmoc-adapter-fuel-sigma-s-identity,openmoc-pincell-mirror-x,not-affected,,,,,
Mut32-openmoc-adapter-fuel-sigma-s-identity,openmc-pincell-mirror-x,not-affected,,,,,
Mut32-openmoc-adapter-fuel-sigma-s-identity,openmoc-pincell-mirror-y,not-affected,,,,,
Mut32-openmoc-adapter-fuel-sigma-s-identity,openmc-pincell-mirror-y,not-affected,,,,,
Mut32-openmoc-adapter-fuel-sigma-s-identity,openmoc-pincell-mirror-x-tally,not-affected,,,,,
Mut32-openmoc-adapter-fuel-sigma-s-identity,openmc-pincell-mirror-x-tally,not-affected,,,,,
Mut32-openmoc-adapter-fuel-sigma-s-identity,openmoc-pincell-mirror-y-tally,not-affected,,,,,
Mut32-openmoc-adapter-fuel-sigma-s-identity,openmc-pincell-mirror-y-tally,not-affected,,,,,
Mut32-openmoc-adapter-fuel-sigma-s-identity,openmoc-pincell-fuel-temperature,not-affected,,,,,
Mut32-openmoc-adapter-fuel-sigma-s-identity,openmc-pincell-fuel-temperature,not-affected,,,,,
Mut32-openmoc-adapter-fuel-sigma-s-identity,openmc-pincell-fuel-temperature-via-add-temperature,not-affected,,,,,
Mut32-openmoc-adapter-fuel-sigma-s-identity,openmc-pincell-moderator-temperature-via-borated-water,not-affected,,,,,
Mut33-openmoc-adapter-fuel-radius-shrink,openmoc-pincell-nu-sigma-f,not-affected,,,,,
Mut33-openmoc-adapter-fuel-radius-shrink,openmc-pincell-nu-sigma-f,not-affected,,,,,
Mut33-openmoc-adapter-fuel-radius-shrink,openmoc-pincell-sigma-a,not-affected,,,,,
Mut33-openmoc-adapter-fuel-radius-shrink,openmc-pincell-sigma-a,not-affected,,,,,
Mut33-openmoc-adapter-fuel-radius-shrink,openmoc-pincell-group-permute,not-affected,,,,,
Mut33-openmoc-adapter-fuel-radius-shrink,openmoc-pincell-fuel-sigma-t,not-affected,,,,,
Mut33-openmoc-adapter-fuel-radius-shrink,openmoc-pincell-moderator-sigma-a,not-affected,,,,,
Mut33-openmoc-adapter-fuel-radius-shrink,openmc-pincell-group-permute,not-affected,,,,,
Mut33-openmoc-adapter-fuel-radius-shrink,openmc-pincell-fuel-sigma-t,not-affected,,,,,
Mut33-openmoc-adapter-fuel-radius-shrink,openmc-pincell-moderator-sigma-a,not-affected,,,,,
Mut33-openmoc-adapter-fuel-radius-shrink,openmoc-pincell-fuel-sigma-s,not-affected,,,,,
Mut33-openmoc-adapter-fuel-radius-shrink,openmc-pincell-fuel-sigma-s,not-affected,,,,,
Mut33-openmoc-adapter-fuel-radius-shrink,openmoc-pincell-fuel-radius,ran,detected,1.133058,1.090207,0.962181,greater
Mut33-openmoc-adapter-fuel-radius-shrink,openmc-pincell-fuel-radius,not-affected,,,,,
Mut33-openmoc-adapter-fuel-radius-shrink,openmc-pincell-particles-refine,not-affected,,,,,
Mut33-openmoc-adapter-fuel-radius-shrink,openmoc-pincell-rotate-90,not-affected,,,,,
Mut33-openmoc-adapter-fuel-radius-shrink,openmc-pincell-rotate-90,not-affected,,,,,
Mut33-openmoc-adapter-fuel-radius-shrink,openmoc-pincell-mirror-x,not-affected,,,,,
Mut33-openmoc-adapter-fuel-radius-shrink,openmc-pincell-mirror-x,not-affected,,,,,
Mut33-openmoc-adapter-fuel-radius-shrink,openmoc-pincell-mirror-y,not-affected,,,,,
Mut33-openmoc-adapter-fuel-radius-shrink,openmc-pincell-mirror-y,not-affected,,,,,
Mut33-openmoc-adapter-fuel-radius-shrink,openmoc-pincell-mirror-x-tally,not-affected,,,,,
Mut33-openmoc-adapter-fuel-radius-shrink,openmc-pincell-mirror-x-tally,not-affected,,,,,
Mut33-openmoc-adapter-fuel-radius-shrink,openmoc-pincell-mirror-y-tally,not-affected,,,,,
Mut33-openmoc-adapter-fuel-radius-shrink,openmc-pincell-mirror-y-tally,not-affected,,,,,
Mut33-openmoc-adapter-fuel-radius-shrink,openmoc-pincell-fuel-temperature,not-affected,,,,,
Mut33-openmoc-adapter-fuel-radius-shrink,openmc-pincell-fuel-temperature,not-affected,,,,,
Mut33-openmoc-adapter-fuel-radius-shrink,openmc-pincell-fuel-temperature-via-add-temperature,not-affected,,,,,
Mut33-openmoc-adapter-fuel-radius-shrink,openmc-pincell-moderator-temperature-via-borated-water,not-affected,,,,,
Mut34-openmc-adapter-particles-no-op,openmoc-pincell-nu-sigma-f,not-affected,,,,,
Mut34-openmc-adapter-particles-no-op,openmc-pincell-nu-sigma-f,not-affected,,,,,
Mut34-openmc-adapter-particles-no-op,openmoc-pincell-sigma-a,not-affected,,,,,
Mut34-openmc-adapter-particles-no-op,openmc-pincell-sigma-a,not-affected,,,,,
Mut34-openmc-adapter-particles-no-op,openmoc-pincell-group-permute,not-affected,,,,,
Mut34-openmc-adapter-particles-no-op,openmoc-pincell-fuel-sigma-t,not-affected,,,,,
Mut34-openmc-adapter-particles-no-op,openmoc-pincell-moderator-sigma-a,not-affected,,,,,
Mut34-openmc-adapter-particles-no-op,openmc-pincell-group-permute,not-affected,,,,,
Mut34-openmc-adapter-particles-no-op,openmc-pincell-fuel-sigma-t,not-affected,,,,,
Mut34-openmc-adapter-particles-no-op,openmc-pincell-moderator-sigma-a,not-affected,,,,,
Mut34-openmc-adapter-particles-no-op,openmoc-pincell-fuel-sigma-s,not-affected,,,,,
Mut34-openmc-adapter-particles-no-op,openmc-pincell-fuel-sigma-s,not-affected,,,,,
Mut34-openmc-adapter-particles-no-op,openmoc-pincell-fuel-radius,not-affected,,,,,
Mut34-openmc-adapter-particles-no-op,openmc-pincell-fuel-radius,not-affected,,,,,
Mut34-openmc-adapter-particles-no-op,openmc-pincell-particles-refine,ran,detected,1.124500,1.124500,1.000000,variance-ratio
Mut34-openmc-adapter-particles-no-op,openmoc-pincell-rotate-90,not-affected,,,,,
Mut34-openmc-adapter-particles-no-op,openmc-pincell-rotate-90,not-affected,,,,,
Mut34-openmc-adapter-particles-no-op,openmoc-pincell-mirror-x,not-affected,,,,,
Mut34-openmc-adapter-particles-no-op,openmc-pincell-mirror-x,not-affected,,,,,
Mut34-openmc-adapter-particles-no-op,openmoc-pincell-mirror-y,not-affected,,,,,
Mut34-openmc-adapter-particles-no-op,openmc-pincell-mirror-y,not-affected,,,,,
Mut34-openmc-adapter-particles-no-op,openmoc-pincell-mirror-x-tally,not-affected,,,,,
Mut34-openmc-adapter-particles-no-op,openmc-pincell-mirror-x-tally,not-affected,,,,,
Mut34-openmc-adapter-particles-no-op,openmoc-pincell-mirror-y-tally,not-affected,,,,,
Mut34-openmc-adapter-particles-no-op,openmc-pincell-mirror-y-tally,not-affected,,,,,
Mut34-openmc-adapter-particles-no-op,openmoc-pincell-fuel-temperature,not-affected,,,,,
Mut34-openmc-adapter-particles-no-op,openmc-pincell-fuel-temperature,not-affected,,,,,
Mut34-openmc-adapter-particles-no-op,openmc-pincell-fuel-temperature-via-add-temperature,not-affected,,,,,
Mut34-openmc-adapter-particles-no-op,openmc-pincell-moderator-temperature-via-borated-water,not-affected,,,,,
Mut35-openmc-runner-chi-fast-only,openmoc-pincell-nu-sigma-f,not-affected,,,,,
Mut35-openmc-runner-chi-fast-only,openmc-pincell-nu-sigma-f,ran,missed,1.124500,1.689961,1.502855,greater
Mut35-openmc-runner-chi-fast-only,openmoc-pincell-sigma-a,not-affected,,,,,
Mut35-openmc-runner-chi-fast-only,openmc-pincell-sigma-a,ran,missed,1.124500,0.802717,0.713844,less
Mut35-openmc-runner-chi-fast-only,openmoc-pincell-group-permute,not-affected,,,,,
Mut35-openmc-runner-chi-fast-only,openmoc-pincell-fuel-sigma-t,not-affected,,,,,
Mut35-openmc-runner-chi-fast-only,openmoc-pincell-moderator-sigma-a,not-affected,,,,,
Mut35-openmc-runner-chi-fast-only,openmc-pincell-group-permute,ran,detected,1.124500,1.277353,1.135929,approx
Mut35-openmc-runner-chi-fast-only,openmc-pincell-fuel-sigma-t,ran,missed,1.124500,0.112923,0.100421,less
Mut35-openmc-runner-chi-fast-only,openmc-pincell-moderator-sigma-a,ran,missed,1.124500,0.968311,0.861104,less
Mut35-openmc-runner-chi-fast-only,openmoc-pincell-fuel-sigma-s,not-affected,,,,,
Mut35-openmc-runner-chi-fast-only,openmc-pincell-fuel-sigma-s,ran,missed,1.124500,1.093257,0.972216,less
Mut35-openmc-runner-chi-fast-only,openmoc-pincell-fuel-radius,not-affected,,,,,
Mut35-openmc-runner-chi-fast-only,openmc-pincell-fuel-radius,ran,missed,1.124500,1.170859,1.041226,greater
Mut35-openmc-runner-chi-fast-only,openmc-pincell-particles-refine,ran,missed,1.124500,1.124766,1.000236,variance-ratio
Mut35-openmc-runner-chi-fast-only,openmoc-pincell-rotate-90,not-affected,,,,,
Mut35-openmc-runner-chi-fast-only,openmc-pincell-rotate-90,ran,missed,1.154382,1.153536,0.999268,approx
Mut35-openmc-runner-chi-fast-only,openmoc-pincell-mirror-x,not-affected,,,,,
Mut35-openmc-runner-chi-fast-only,openmc-pincell-mirror-x,ran,missed,1.096015,1.098078,1.001882,approx
Mut35-openmc-runner-chi-fast-only,openmoc-pincell-mirror-y,not-affected,,,,,
Mut35-openmc-runner-chi-fast-only,openmc-pincell-mirror-y,ran,missed,1.096015,1.095554,0.999579,approx
Mut35-openmc-runner-chi-fast-only,openmoc-pincell-mirror-x-tally,not-affected,,,,,
Mut35-openmc-runner-chi-fast-only,openmc-pincell-mirror-x-tally,ran,missed,1.096015,1.098078,1.001882,flux-pointwise-approx
Mut35-openmc-runner-chi-fast-only,openmoc-pincell-mirror-y-tally,not-affected,,,,,
Mut35-openmc-runner-chi-fast-only,openmc-pincell-mirror-y-tally,ran,missed,1.096015,1.095554,0.999579,flux-pointwise-approx
Mut35-openmc-runner-chi-fast-only,openmoc-pincell-fuel-temperature,not-affected,,,,,
Mut35-openmc-runner-chi-fast-only,openmc-pincell-fuel-temperature,ran,missed,1.124500,1.109656,0.986800,less
Mut35-openmc-runner-chi-fast-only,openmc-pincell-fuel-temperature-via-add-temperature,error,error,,,,
Mut35-openmc-runner-chi-fast-only,openmc-pincell-moderator-temperature-via-borated-water,error,error,,,,
Mut36-openmc-adapter-group-permute-fuel-only,openmoc-pincell-nu-sigma-f,not-affected,,,,,
Mut36-openmc-adapter-group-permute-fuel-only,openmc-pincell-nu-sigma-f,not-affected,,,,,
Mut36-openmc-adapter-group-permute-fuel-only,openmoc-pincell-sigma-a,not-affected,,,,,
Mut36-openmc-adapter-group-permute-fuel-only,openmc-pincell-sigma-a,not-affected,,,,,
Mut36-openmc-adapter-group-permute-fuel-only,openmoc-pincell-group-permute,not-affected,,,,,
Mut36-openmc-adapter-group-permute-fuel-only,openmoc-pincell-fuel-sigma-t,not-affected,,,,,
Mut36-openmc-adapter-group-permute-fuel-only,openmoc-pincell-moderator-sigma-a,not-affected,,,,,
Mut36-openmc-adapter-group-permute-fuel-only,openmc-pincell-group-permute,ran,detected,1.124500,0.536778,0.477348,approx
Mut36-openmc-adapter-group-permute-fuel-only,openmc-pincell-fuel-sigma-t,not-affected,,,,,
Mut36-openmc-adapter-group-permute-fuel-only,openmc-pincell-moderator-sigma-a,not-affected,,,,,
Mut36-openmc-adapter-group-permute-fuel-only,openmoc-pincell-fuel-sigma-s,not-affected,,,,,
Mut36-openmc-adapter-group-permute-fuel-only,openmc-pincell-fuel-sigma-s,not-affected,,,,,
Mut36-openmc-adapter-group-permute-fuel-only,openmoc-pincell-fuel-radius,not-affected,,,,,
Mut36-openmc-adapter-group-permute-fuel-only,openmc-pincell-fuel-radius,not-affected,,,,,
Mut36-openmc-adapter-group-permute-fuel-only,openmc-pincell-particles-refine,not-affected,,,,,
Mut36-openmc-adapter-group-permute-fuel-only,openmoc-pincell-rotate-90,not-affected,,,,,
Mut36-openmc-adapter-group-permute-fuel-only,openmc-pincell-rotate-90,not-affected,,,,,
Mut36-openmc-adapter-group-permute-fuel-only,openmoc-pincell-mirror-x,not-affected,,,,,
Mut36-openmc-adapter-group-permute-fuel-only,openmc-pincell-mirror-x,not-affected,,,,,
Mut36-openmc-adapter-group-permute-fuel-only,openmoc-pincell-mirror-y,not-affected,,,,,
Mut36-openmc-adapter-group-permute-fuel-only,openmc-pincell-mirror-y,not-affected,,,,,
Mut36-openmc-adapter-group-permute-fuel-only,openmoc-pincell-mirror-x-tally,not-affected,,,,,
Mut36-openmc-adapter-group-permute-fuel-only,openmc-pincell-mirror-x-tally,not-affected,,,,,
Mut36-openmc-adapter-group-permute-fuel-only,openmoc-pincell-mirror-y-tally,not-affected,,,,,
Mut36-openmc-adapter-group-permute-fuel-only,openmc-pincell-mirror-y-tally,not-affected,,,,,
Mut36-openmc-adapter-group-permute-fuel-only,openmoc-pincell-fuel-temperature,not-affected,,,,,
Mut36-openmc-adapter-group-permute-fuel-only,openmc-pincell-fuel-temperature,not-affected,,,,,
Mut36-openmc-adapter-group-permute-fuel-only,openmc-pincell-fuel-temperature-via-add-temperature,not-affected,,,,,
Mut36-openmc-adapter-group-permute-fuel-only,openmc-pincell-moderator-temperature-via-borated-water,not-affected,,,,,
Mut37-openmc-adapter-fuel-sigma-s-identity,openmoc-pincell-nu-sigma-f,not-affected,,,,,
Mut37-openmc-adapter-fuel-sigma-s-identity,openmc-pincell-nu-sigma-f,not-affected,,,,,
Mut37-openmc-adapter-fuel-sigma-s-identity,openmoc-pincell-sigma-a,not-affected,,,,,
Mut37-openmc-adapter-fuel-sigma-s-identity,openmc-pincell-sigma-a,not-affected,,,,,
Mut37-openmc-adapter-fuel-sigma-s-identity,openmoc-pincell-group-permute,not-affected,,,,,
Mut37-openmc-adapter-fuel-sigma-s-identity,openmoc-pincell-fuel-sigma-t,not-affected,,,,,
Mut37-openmc-adapter-fuel-sigma-s-identity,openmoc-pincell-moderator-sigma-a,not-affected,,,,,
Mut37-openmc-adapter-fuel-sigma-s-identity,openmc-pincell-group-permute,not-affected,,,,,
Mut37-openmc-adapter-fuel-sigma-s-identity,openmc-pincell-fuel-sigma-t,not-affected,,,,,
Mut37-openmc-adapter-fuel-sigma-s-identity,openmc-pincell-moderator-sigma-a,not-affected,,,,,
Mut37-openmc-adapter-fuel-sigma-s-identity,openmoc-pincell-fuel-sigma-s,not-affected,,,,,
Mut37-openmc-adapter-fuel-sigma-s-identity,openmc-pincell-fuel-sigma-s,ran,detected,1.124500,1.124500,1.000000,less
Mut37-openmc-adapter-fuel-sigma-s-identity,openmoc-pincell-fuel-radius,not-affected,,,,,
Mut37-openmc-adapter-fuel-sigma-s-identity,openmc-pincell-fuel-radius,not-affected,,,,,
Mut37-openmc-adapter-fuel-sigma-s-identity,openmc-pincell-particles-refine,not-affected,,,,,
Mut37-openmc-adapter-fuel-sigma-s-identity,openmoc-pincell-rotate-90,not-affected,,,,,
Mut37-openmc-adapter-fuel-sigma-s-identity,openmc-pincell-rotate-90,not-affected,,,,,
Mut37-openmc-adapter-fuel-sigma-s-identity,openmoc-pincell-mirror-x,not-affected,,,,,
Mut37-openmc-adapter-fuel-sigma-s-identity,openmc-pincell-mirror-x,not-affected,,,,,
Mut37-openmc-adapter-fuel-sigma-s-identity,openmoc-pincell-mirror-y,not-affected,,,,,
Mut37-openmc-adapter-fuel-sigma-s-identity,openmc-pincell-mirror-y,not-affected,,,,,
Mut37-openmc-adapter-fuel-sigma-s-identity,openmoc-pincell-mirror-x-tally,not-affected,,,,,
Mut37-openmc-adapter-fuel-sigma-s-identity,openmc-pincell-mirror-x-tally,not-affected,,,,,
Mut37-openmc-adapter-fuel-sigma-s-identity,openmoc-pincell-mirror-y-tally,not-affected,,,,,
Mut37-openmc-adapter-fuel-sigma-s-identity,openmc-pincell-mirror-y-tally,not-affected,,,,,
Mut37-openmc-adapter-fuel-sigma-s-identity,openmoc-pincell-fuel-temperature,not-affected,,,,,
Mut37-openmc-adapter-fuel-sigma-s-identity,openmc-pincell-fuel-temperature,not-affected,,,,,
Mut37-openmc-adapter-fuel-sigma-s-identity,openmc-pincell-fuel-temperature-via-add-temperature,not-affected,,,,,
Mut37-openmc-adapter-fuel-sigma-s-identity,openmc-pincell-moderator-temperature-via-borated-water,not-affected,,,,,
Mut38-openmc-adapter-fuel-radius-shrink,openmoc-pincell-nu-sigma-f,not-affected,,,,,
Mut38-openmc-adapter-fuel-radius-shrink,openmc-pincell-nu-sigma-f,not-affected,,,,,
Mut38-openmc-adapter-fuel-radius-shrink,openmoc-pincell-sigma-a,not-affected,,,,,
Mut38-openmc-adapter-fuel-radius-shrink,openmc-pincell-sigma-a,not-affected,,,,,
Mut38-openmc-adapter-fuel-radius-shrink,openmoc-pincell-group-permute,not-affected,,,,,
Mut38-openmc-adapter-fuel-radius-shrink,openmoc-pincell-fuel-sigma-t,not-affected,,,,,
Mut38-openmc-adapter-fuel-radius-shrink,openmoc-pincell-moderator-sigma-a,not-affected,,,,,
Mut38-openmc-adapter-fuel-radius-shrink,openmc-pincell-group-permute,not-affected,,,,,
Mut38-openmc-adapter-fuel-radius-shrink,openmc-pincell-fuel-sigma-t,not-affected,,,,,
Mut38-openmc-adapter-fuel-radius-shrink,openmc-pincell-moderator-sigma-a,not-affected,,,,,
Mut38-openmc-adapter-fuel-radius-shrink,openmoc-pincell-fuel-sigma-s,not-affected,,,,,
Mut38-openmc-adapter-fuel-radius-shrink,openmc-pincell-fuel-sigma-s,not-affected,,,,,
Mut38-openmc-adapter-fuel-radius-shrink,openmoc-pincell-fuel-radius,not-affected,,,,,
Mut38-openmc-adapter-fuel-radius-shrink,openmc-pincell-fuel-radius,ran,detected,1.124500,1.081159,0.961457,greater
Mut38-openmc-adapter-fuel-radius-shrink,openmc-pincell-particles-refine,not-affected,,,,,
Mut38-openmc-adapter-fuel-radius-shrink,openmoc-pincell-rotate-90,not-affected,,,,,
Mut38-openmc-adapter-fuel-radius-shrink,openmc-pincell-rotate-90,not-affected,,,,,
Mut38-openmc-adapter-fuel-radius-shrink,openmoc-pincell-mirror-x,not-affected,,,,,
Mut38-openmc-adapter-fuel-radius-shrink,openmc-pincell-mirror-x,not-affected,,,,,
Mut38-openmc-adapter-fuel-radius-shrink,openmoc-pincell-mirror-y,not-affected,,,,,
Mut38-openmc-adapter-fuel-radius-shrink,openmc-pincell-mirror-y,not-affected,,,,,
Mut38-openmc-adapter-fuel-radius-shrink,openmoc-pincell-mirror-x-tally,not-affected,,,,,
Mut38-openmc-adapter-fuel-radius-shrink,openmc-pincell-mirror-x-tally,not-affected,,,,,
Mut38-openmc-adapter-fuel-radius-shrink,openmoc-pincell-mirror-y-tally,not-affected,,,,,
Mut38-openmc-adapter-fuel-radius-shrink,openmc-pincell-mirror-y-tally,not-affected,,,,,
Mut38-openmc-adapter-fuel-radius-shrink,openmoc-pincell-fuel-temperature,not-affected,,,,,
Mut38-openmc-adapter-fuel-radius-shrink,openmc-pincell-fuel-temperature,not-affected,,,,,
Mut38-openmc-adapter-fuel-radius-shrink,openmc-pincell-fuel-temperature-via-add-temperature,not-affected,,,,,
Mut38-openmc-adapter-fuel-radius-shrink,openmc-pincell-moderator-temperature-via-borated-water,not-affected,,,,,
Mut39-openmoc-runner-hardcode-y-from-x,openmoc-pincell-nu-sigma-f,ran,missed,1.133058,1.699904,1.500279,greater
Mut39-openmoc-runner-hardcode-y-from-x,openmc-pincell-nu-sigma-f,not-affected,,,,,
Mut39-openmoc-runner-hardcode-y-from-x,openmoc-pincell-sigma-a,ran,missed,1.133058,0.806904,0.712147,less
Mut39-openmoc-runner-hardcode-y-from-x,openmc-pincell-sigma-a,not-affected,,,,,
Mut39-openmoc-runner-hardcode-y-from-x,openmoc-pincell-group-permute,ran,missed,1.133058,1.133058,1.000000,approx
Mut39-openmoc-runner-hardcode-y-from-x,openmoc-pincell-fuel-sigma-t,ran,missed,1.133058,0.111272,0.098205,less
Mut39-openmoc-runner-hardcode-y-from-x,openmoc-pincell-moderator-sigma-a,ran,missed,1.133058,0.476353,0.420414,less
Mut39-openmoc-runner-hardcode-y-from-x,openmc-pincell-group-permute,not-affected,,,,,
Mut39-openmoc-runner-hardcode-y-from-x,openmc-pincell-fuel-sigma-t,not-affected,,,,,
Mut39-openmoc-runner-hardcode-y-from-x,openmc-pincell-moderator-sigma-a,not-affected,,,,,
Mut39-openmoc-runner-hardcode-y-from-x,openmoc-pincell-fuel-sigma-s,ran,missed,1.133058,1.091853,0.963633,less
Mut39-openmoc-runner-hardcode-y-from-x,openmc-pincell-fuel-sigma-s,not-affected,,,,,
Mut39-openmoc-runner-hardcode-y-from-x,openmoc-pincell-fuel-radius,ran,missed,1.133058,1.174761,1.036805,greater
Mut39-openmoc-runner-hardcode-y-from-x,openmc-pincell-fuel-radius,not-affected,,,,,
Mut39-openmoc-runner-hardcode-y-from-x,openmc-pincell-particles-refine,not-affected,,,,,
Mut39-openmoc-runner-hardcode-y-from-x,openmoc-pincell-rotate-90,ran,detected,1.331522,0.535508,0.402178,approx
Mut39-openmoc-runner-hardcode-y-from-x,openmc-pincell-rotate-90,not-affected,,,,,
Mut39-openmoc-runner-hardcode-y-from-x,openmoc-pincell-mirror-x,ran,missed,1.102712,1.102702,0.999991,approx
Mut39-openmoc-runner-hardcode-y-from-x,openmc-pincell-mirror-x,not-affected,,,,,
Mut39-openmoc-runner-hardcode-y-from-x,openmoc-pincell-mirror-y,ran,missed,1.102712,1.102711,0.999999,approx
Mut39-openmoc-runner-hardcode-y-from-x,openmc-pincell-mirror-y,not-affected,,,,,
Mut39-openmoc-runner-hardcode-y-from-x,openmoc-pincell-mirror-x-tally,ran,missed,1.102712,1.102702,0.999991,flux-pointwise-approx
Mut39-openmoc-runner-hardcode-y-from-x,openmc-pincell-mirror-x-tally,not-affected,,,,,
Mut39-openmoc-runner-hardcode-y-from-x,openmoc-pincell-mirror-y-tally,ran,missed,1.102712,1.102711,0.999999,flux-pointwise-approx
Mut39-openmoc-runner-hardcode-y-from-x,openmc-pincell-mirror-y-tally,not-affected,,,,,
Mut39-openmoc-runner-hardcode-y-from-x,openmoc-pincell-fuel-temperature,ran,missed,1.133058,1.115657,0.984642,less
Mut39-openmoc-runner-hardcode-y-from-x,openmc-pincell-fuel-temperature,not-affected,,,,,
Mut39-openmoc-runner-hardcode-y-from-x,openmc-pincell-fuel-temperature-via-add-temperature,not-affected,,,,,
Mut39-openmoc-runner-hardcode-y-from-x,openmc-pincell-moderator-temperature-via-borated-water,not-affected,,,,,
Mut40-openmc-runner-hardcode-y-from-x,openmoc-pincell-nu-sigma-f,not-affected,,,,,
Mut40-openmc-runner-hardcode-y-from-x,openmc-pincell-nu-sigma-f,ran,missed,1.124500,1.689961,1.502855,greater
Mut40-openmc-runner-hardcode-y-from-x,openmoc-pincell-sigma-a,not-affected,,,,,
Mut40-openmc-runner-hardcode-y-from-x,openmc-pincell-sigma-a,ran,missed,1.124500,0.802717,0.713844,less
Mut40-openmc-runner-hardcode-y-from-x,openmoc-pincell-group-permute,not-affected,,,,,
Mut40-openmc-runner-hardcode-y-from-x,openmoc-pincell-fuel-sigma-t,not-affected,,,,,
Mut40-openmc-runner-hardcode-y-from-x,openmoc-pincell-moderator-sigma-a,not-affected,,,,,
Mut40-openmc-runner-hardcode-y-from-x,openmc-pincell-group-permute,ran,missed,1.124500,1.126010,1.001342,approx
Mut40-openmc-runner-hardcode-y-from-x,openmc-pincell-fuel-sigma-t,ran,missed,1.124500,0.112923,0.100421,less
Mut40-openmc-runner-hardcode-y-from-x,openmc-pincell-moderator-sigma-a,ran,missed,1.124500,0.968311,0.861104,less
Mut40-openmc-runner-hardcode-y-from-x,openmoc-pincell-fuel-sigma-s,not-affected,,,,,
Mut40-openmc-runner-hardcode-y-from-x,openmc-pincell-fuel-sigma-s,ran,missed,1.124500,1.093257,0.972216,less
Mut40-openmc-runner-hardcode-y-from-x,openmoc-pincell-fuel-radius,not-affected,,,,,
Mut40-openmc-runner-hardcode-y-from-x,openmc-pincell-fuel-radius,ran,missed,1.124500,1.170859,1.041226,greater
Mut40-openmc-runner-hardcode-y-from-x,openmc-pincell-particles-refine,ran,missed,1.124500,1.124766,1.000236,variance-ratio
Mut40-openmc-runner-hardcode-y-from-x,openmoc-pincell-rotate-90,not-affected,,,,,
Mut40-openmc-runner-hardcode-y-from-x,openmc-pincell-rotate-90,ran,detected,1.319334,0.958116,0.726212,approx
Mut40-openmc-runner-hardcode-y-from-x,openmoc-pincell-mirror-x,not-affected,,,,,
Mut40-openmc-runner-hardcode-y-from-x,openmc-pincell-mirror-x,ran,missed,1.096015,1.098078,1.001882,approx
Mut40-openmc-runner-hardcode-y-from-x,openmoc-pincell-mirror-y,not-affected,,,,,
Mut40-openmc-runner-hardcode-y-from-x,openmc-pincell-mirror-y,ran,missed,1.096015,1.095554,0.999579,approx
Mut40-openmc-runner-hardcode-y-from-x,openmoc-pincell-mirror-x-tally,not-affected,,,,,
Mut40-openmc-runner-hardcode-y-from-x,openmc-pincell-mirror-x-tally,ran,missed,1.096015,1.098078,1.001882,flux-pointwise-approx
Mut40-openmc-runner-hardcode-y-from-x,openmoc-pincell-mirror-y-tally,not-affected,,,,,
Mut40-openmc-runner-hardcode-y-from-x,openmc-pincell-mirror-y-tally,ran,missed,1.096015,1.095554,0.999579,flux-pointwise-approx
Mut40-openmc-runner-hardcode-y-from-x,openmoc-pincell-fuel-temperature,not-affected,,,,,
Mut40-openmc-runner-hardcode-y-from-x,openmc-pincell-fuel-temperature,ran,missed,1.124500,1.109656,0.986800,less
Mut40-openmc-runner-hardcode-y-from-x,openmc-pincell-fuel-temperature-via-add-temperature,error,error,,,,
Mut40-openmc-runner-hardcode-y-from-x,openmc-pincell-moderator-temperature-via-borated-water,error,error,,,,
Mut41-openmoc-runner-clamp-y-offset-positive,openmoc-pincell-nu-sigma-f,ran,missed,1.133058,1.699904,1.500279,greater
Mut41-openmoc-runner-clamp-y-offset-positive,openmc-pincell-nu-sigma-f,not-affected,,,,,
Mut41-openmoc-runner-clamp-y-offset-positive,openmoc-pincell-sigma-a,ran,missed,1.133058,0.806904,0.712147,less
Mut41-openmoc-runner-clamp-y-offset-positive,openmc-pincell-sigma-a,not-affected,,,,,
Mut41-openmoc-runner-clamp-y-offset-positive,openmoc-pincell-group-permute,ran,missed,1.133058,1.133058,1.000000,approx
Mut41-openmoc-runner-clamp-y-offset-positive,openmoc-pincell-fuel-sigma-t,ran,missed,1.133058,0.111272,0.098205,less
Mut41-openmoc-runner-clamp-y-offset-positive,openmoc-pincell-moderator-sigma-a,ran,missed,1.133058,0.476353,0.420414,less
Mut41-openmoc-runner-clamp-y-offset-positive,openmc-pincell-group-permute,not-affected,,,,,
Mut41-openmoc-runner-clamp-y-offset-positive,openmc-pincell-fuel-sigma-t,not-affected,,,,,
Mut41-openmoc-runner-clamp-y-offset-positive,openmc-pincell-moderator-sigma-a,not-affected,,,,,
Mut41-openmoc-runner-clamp-y-offset-positive,openmoc-pincell-fuel-sigma-s,ran,missed,1.133058,1.091853,0.963633,less
Mut41-openmoc-runner-clamp-y-offset-positive,openmc-pincell-fuel-sigma-s,not-affected,,,,,
Mut41-openmoc-runner-clamp-y-offset-positive,openmoc-pincell-fuel-radius,ran,missed,1.133058,1.174761,1.036805,greater
Mut41-openmoc-runner-clamp-y-offset-positive,openmc-pincell-fuel-radius,not-affected,,,,,
Mut41-openmoc-runner-clamp-y-offset-positive,openmc-pincell-particles-refine,not-affected,,,,,
Mut41-openmoc-runner-clamp-y-offset-positive,openmoc-pincell-rotate-90,ran,missed,1.159502,1.159492,0.999991,approx
Mut41-openmoc-runner-clamp-y-offset-positive,openmc-pincell-rotate-90,not-affected,,,,,
Mut41-openmoc-runner-clamp-y-offset-positive,openmoc-pincell-mirror-x,ran,detected,1.103715,1.102702,0.999082,approx
Mut41-openmoc-runner-clamp-y-offset-positive,openmc-pincell-mirror-x,not-affected,,,,,
Mut41-openmoc-runner-clamp-y-offset-positive,openmoc-pincell-mirror-y,ran,missed,1.103715,1.103715,1.000000,approx
Mut41-openmoc-runner-clamp-y-offset-positive,openmc-pincell-mirror-y,not-affected,,,,,
Mut41-openmoc-runner-clamp-y-offset-positive,openmoc-pincell-mirror-x-tally,ran,detected,1.103715,1.102702,0.999082,flux-pointwise-approx
Mut41-openmoc-runner-clamp-y-offset-positive,openmc-pincell-mirror-x-tally,not-affected,,,,,
Mut41-openmoc-runner-clamp-y-offset-positive,openmoc-pincell-mirror-y-tally,ran,missed,1.103715,1.103715,1.000000,flux-pointwise-approx
Mut41-openmoc-runner-clamp-y-offset-positive,openmc-pincell-mirror-y-tally,not-affected,,,,,
Mut41-openmoc-runner-clamp-y-offset-positive,openmoc-pincell-fuel-temperature,ran,missed,1.133058,1.115657,0.984642,less
Mut41-openmoc-runner-clamp-y-offset-positive,openmc-pincell-fuel-temperature,not-affected,,,,,
Mut41-openmoc-runner-clamp-y-offset-positive,openmc-pincell-fuel-temperature-via-add-temperature,not-affected,,,,,
Mut41-openmoc-runner-clamp-y-offset-positive,openmc-pincell-moderator-temperature-via-borated-water,not-affected,,,,,
Mut42-openmoc-runner-clamp-x-offset-positive,openmoc-pincell-nu-sigma-f,ran,missed,1.133058,1.699904,1.500279,greater
Mut42-openmoc-runner-clamp-x-offset-positive,openmc-pincell-nu-sigma-f,not-affected,,,,,
Mut42-openmoc-runner-clamp-x-offset-positive,openmoc-pincell-sigma-a,ran,missed,1.133058,0.806904,0.712147,less
Mut42-openmoc-runner-clamp-x-offset-positive,openmc-pincell-sigma-a,not-affected,,,,,
Mut42-openmoc-runner-clamp-x-offset-positive,openmoc-pincell-group-permute,ran,missed,1.133058,1.133058,1.000000,approx
Mut42-openmoc-runner-clamp-x-offset-positive,openmoc-pincell-fuel-sigma-t,ran,missed,1.133058,0.111272,0.098205,less
Mut42-openmoc-runner-clamp-x-offset-positive,openmoc-pincell-moderator-sigma-a,ran,missed,1.133058,0.476353,0.420414,less
Mut42-openmoc-runner-clamp-x-offset-positive,openmc-pincell-group-permute,not-affected,,,,,
Mut42-openmoc-runner-clamp-x-offset-positive,openmc-pincell-fuel-sigma-t,not-affected,,,,,
Mut42-openmoc-runner-clamp-x-offset-positive,openmc-pincell-moderator-sigma-a,not-affected,,,,,
Mut42-openmoc-runner-clamp-x-offset-positive,openmoc-pincell-fuel-sigma-s,ran,missed,1.133058,1.091853,0.963633,less
Mut42-openmoc-runner-clamp-x-offset-positive,openmc-pincell-fuel-sigma-s,not-affected,,,,,
Mut42-openmoc-runner-clamp-x-offset-positive,openmoc-pincell-fuel-radius,ran,missed,1.133058,1.174761,1.036805,greater
Mut42-openmoc-runner-clamp-x-offset-positive,openmc-pincell-fuel-radius,not-affected,,,,,
Mut42-openmoc-runner-clamp-x-offset-positive,openmc-pincell-particles-refine,not-affected,,,,,
Mut42-openmoc-runner-clamp-x-offset-positive,openmoc-pincell-rotate-90,ran,missed,1.159502,1.159492,0.999991,approx
Mut42-openmoc-runner-clamp-x-offset-positive,openmc-pincell-rotate-90,not-affected,,,,,
Mut42-openmoc-runner-clamp-x-offset-positive,openmoc-pincell-mirror-x,ran,missed,1.102712,1.102702,0.999991,approx
Mut42-openmoc-runner-clamp-x-offset-positive,openmc-pincell-mirror-x,not-affected,,,,,
Mut42-openmoc-runner-clamp-x-offset-positive,openmoc-pincell-mirror-y,ran,detected,1.102712,1.104837,1.001927,approx
Mut42-openmoc-runner-clamp-x-offset-positive,openmc-pincell-mirror-y,not-affected,,,,,
Mut42-openmoc-runner-clamp-x-offset-positive,openmoc-pincell-mirror-x-tally,ran,missed,1.102712,1.102702,0.999991,flux-pointwise-approx
Mut42-openmoc-runner-clamp-x-offset-positive,openmc-pincell-mirror-x-tally,not-affected,,,,,
Mut42-openmoc-runner-clamp-x-offset-positive,openmoc-pincell-mirror-y-tally,ran,detected,1.102712,1.104837,1.001927,flux-pointwise-approx
Mut42-openmoc-runner-clamp-x-offset-positive,openmc-pincell-mirror-y-tally,not-affected,,,,,
Mut42-openmoc-runner-clamp-x-offset-positive,openmoc-pincell-fuel-temperature,ran,missed,1.133058,1.115657,0.984642,less
Mut42-openmoc-runner-clamp-x-offset-positive,openmc-pincell-fuel-temperature,not-affected,,,,,
Mut42-openmoc-runner-clamp-x-offset-positive,openmc-pincell-fuel-temperature-via-add-temperature,not-affected,,,,,
Mut42-openmoc-runner-clamp-x-offset-positive,openmc-pincell-moderator-temperature-via-borated-water,not-affected,,,,,
Mut43-openmc-runner-clamp-y-offset-positive,openmoc-pincell-nu-sigma-f,not-affected,,,,,
Mut43-openmc-runner-clamp-y-offset-positive,openmc-pincell-nu-sigma-f,ran,missed,1.124500,1.689961,1.502855,greater
Mut43-openmc-runner-clamp-y-offset-positive,openmoc-pincell-sigma-a,not-affected,,,,,
Mut43-openmc-runner-clamp-y-offset-positive,openmc-pincell-sigma-a,ran,missed,1.124500,0.802717,0.713844,less
Mut43-openmc-runner-clamp-y-offset-positive,openmoc-pincell-group-permute,not-affected,,,,,
Mut43-openmc-runner-clamp-y-offset-positive,openmoc-pincell-fuel-sigma-t,not-affected,,,,,
Mut43-openmc-runner-clamp-y-offset-positive,openmoc-pincell-moderator-sigma-a,not-affected,,,,,
Mut43-openmc-runner-clamp-y-offset-positive,openmc-pincell-group-permute,ran,missed,1.124500,1.126010,1.001342,approx
Mut43-openmc-runner-clamp-y-offset-positive,openmc-pincell-fuel-sigma-t,ran,missed,1.124500,0.112923,0.100421,less
Mut43-openmc-runner-clamp-y-offset-positive,openmc-pincell-moderator-sigma-a,ran,missed,1.124500,0.968311,0.861104,less
Mut43-openmc-runner-clamp-y-offset-positive,openmoc-pincell-fuel-sigma-s,not-affected,,,,,
Mut43-openmc-runner-clamp-y-offset-positive,openmc-pincell-fuel-sigma-s,ran,missed,1.124500,1.093257,0.972216,less
Mut43-openmc-runner-clamp-y-offset-positive,openmoc-pincell-fuel-radius,not-affected,,,,,
Mut43-openmc-runner-clamp-y-offset-positive,openmc-pincell-fuel-radius,ran,missed,1.124500,1.170859,1.041226,greater
Mut43-openmc-runner-clamp-y-offset-positive,openmc-pincell-particles-refine,ran,missed,1.124500,1.124766,1.000236,variance-ratio
Mut43-openmc-runner-clamp-y-offset-positive,openmoc-pincell-rotate-90,not-affected,,,,,
Mut43-openmc-runner-clamp-y-offset-positive,openmc-pincell-rotate-90,ran,missed,1.154382,1.153536,0.999268,approx
Mut43-openmc-runner-clamp-y-offset-positive,openmoc-pincell-mirror-x,not-affected,,,,,
Mut43-openmc-runner-clamp-y-offset-positive,openmc-pincell-mirror-x,ran,missed,1.096729,1.098078,1.001230,approx
Mut43-openmc-runner-clamp-y-offset-positive,openmoc-pincell-mirror-y,not-affected,,,,,
Mut43-openmc-runner-clamp-y-offset-positive,openmc-pincell-mirror-y,ran,missed,1.096729,1.095746,0.999104,approx
Mut43-openmc-runner-clamp-y-offset-positive,openmoc-pincell-mirror-x-tally,not-affected,,,,,
Mut43-openmc-runner-clamp-y-offset-positive,openmc-pincell-mirror-x-tally,ran,missed,1.096729,1.098078,1.001230,flux-pointwise-approx
Mut43-openmc-runner-clamp-y-offset-positive,openmoc-pincell-mirror-y-tally,not-affected,,,,,
Mut43-openmc-runner-clamp-y-offset-positive,openmc-pincell-mirror-y-tally,ran,missed,1.096729,1.095746,0.999104,flux-pointwise-approx
Mut43-openmc-runner-clamp-y-offset-positive,openmoc-pincell-fuel-temperature,not-affected,,,,,
Mut43-openmc-runner-clamp-y-offset-positive,openmc-pincell-fuel-temperature,ran,missed,1.124500,1.109656,0.986800,less
Mut43-openmc-runner-clamp-y-offset-positive,openmc-pincell-fuel-temperature-via-add-temperature,error,error,,,,
Mut43-openmc-runner-clamp-y-offset-positive,openmc-pincell-moderator-temperature-via-borated-water,error,error,,,,
Mut44-openmc-runner-clamp-x-offset-positive,openmoc-pincell-nu-sigma-f,not-affected,,,,,
Mut44-openmc-runner-clamp-x-offset-positive,openmc-pincell-nu-sigma-f,ran,missed,1.124500,1.689961,1.502855,greater
Mut44-openmc-runner-clamp-x-offset-positive,openmoc-pincell-sigma-a,not-affected,,,,,
Mut44-openmc-runner-clamp-x-offset-positive,openmc-pincell-sigma-a,ran,missed,1.124500,0.802717,0.713844,less
Mut44-openmc-runner-clamp-x-offset-positive,openmoc-pincell-group-permute,not-affected,,,,,
Mut44-openmc-runner-clamp-x-offset-positive,openmoc-pincell-fuel-sigma-t,not-affected,,,,,
Mut44-openmc-runner-clamp-x-offset-positive,openmoc-pincell-moderator-sigma-a,not-affected,,,,,
Mut44-openmc-runner-clamp-x-offset-positive,openmc-pincell-group-permute,ran,missed,1.124500,1.126010,1.001342,approx
Mut44-openmc-runner-clamp-x-offset-positive,openmc-pincell-fuel-sigma-t,ran,missed,1.124500,0.112923,0.100421,less
Mut44-openmc-runner-clamp-x-offset-positive,openmc-pincell-moderator-sigma-a,ran,missed,1.124500,0.968311,0.861104,less
Mut44-openmc-runner-clamp-x-offset-positive,openmoc-pincell-fuel-sigma-s,not-affected,,,,,
Mut44-openmc-runner-clamp-x-offset-positive,openmc-pincell-fuel-sigma-s,ran,missed,1.124500,1.093257,0.972216,less
Mut44-openmc-runner-clamp-x-offset-positive,openmoc-pincell-fuel-radius,not-affected,,,,,
Mut44-openmc-runner-clamp-x-offset-positive,openmc-pincell-fuel-radius,ran,missed,1.124500,1.170859,1.041226,greater
Mut44-openmc-runner-clamp-x-offset-positive,openmc-pincell-particles-refine,ran,missed,1.124500,1.124766,1.000236,variance-ratio
Mut44-openmc-runner-clamp-x-offset-positive,openmoc-pincell-rotate-90,not-affected,,,,,
Mut44-openmc-runner-clamp-x-offset-positive,openmc-pincell-rotate-90,ran,missed,1.154382,1.153536,0.999268,approx
Mut44-openmc-runner-clamp-x-offset-positive,openmoc-pincell-mirror-x,not-affected,,,,,
Mut44-openmc-runner-clamp-x-offset-positive,openmc-pincell-mirror-x,ran,missed,1.096015,1.098078,1.001882,approx
Mut44-openmc-runner-clamp-x-offset-positive,openmoc-pincell-mirror-y,not-affected,,,,,
Mut44-openmc-runner-clamp-x-offset-positive,openmc-pincell-mirror-y,ran,missed,1.096015,1.094431,0.998555,approx
Mut44-openmc-runner-clamp-x-offset-positive,openmoc-pincell-mirror-x-tally,not-affected,,,,,
Mut44-openmc-runner-clamp-x-offset-positive,openmc-pincell-mirror-x-tally,ran,missed,1.096015,1.098078,1.001882,flux-pointwise-approx
Mut44-openmc-runner-clamp-x-offset-positive,openmoc-pincell-mirror-y-tally,not-affected,,,,,
Mut44-openmc-runner-clamp-x-offset-positive,openmc-pincell-mirror-y-tally,ran,missed,1.096015,1.094431,0.998555,flux-pointwise-approx
Mut44-openmc-runner-clamp-x-offset-positive,openmoc-pincell-fuel-temperature,not-affected,,,,,
Mut44-openmc-runner-clamp-x-offset-positive,openmc-pincell-fuel-temperature,ran,missed,1.124500,1.109656,0.986800,less
Mut44-openmc-runner-clamp-x-offset-positive,openmc-pincell-fuel-temperature-via-add-temperature,error,error,,,,
Mut44-openmc-runner-clamp-x-offset-positive,openmc-pincell-moderator-temperature-via-borated-water,error,error,,,,
Mut45-openmoc-runner-ignore-temperature,openmoc-pincell-nu-sigma-f,ran,missed,1.133058,1.699904,1.500279,greater
Mut45-openmoc-runner-ignore-temperature,openmc-pincell-nu-sigma-f,not-affected,,,,,
Mut45-openmoc-runner-ignore-temperature,openmoc-pincell-sigma-a,ran,missed,1.133058,0.806904,0.712147,less
Mut45-openmoc-runner-ignore-temperature,openmc-pincell-sigma-a,not-affected,,,,,
Mut45-openmoc-runner-ignore-temperature,openmoc-pincell-group-permute,ran,missed,1.133058,1.133058,1.000000,approx
Mut45-openmoc-runner-ignore-temperature,openmoc-pincell-fuel-sigma-t,ran,missed,1.133058,0.111272,0.098205,less
Mut45-openmoc-runner-ignore-temperature,openmoc-pincell-moderator-sigma-a,ran,missed,1.133058,0.476353,0.420414,less
Mut45-openmoc-runner-ignore-temperature,openmc-pincell-group-permute,not-affected,,,,,
Mut45-openmoc-runner-ignore-temperature,openmc-pincell-fuel-sigma-t,not-affected,,,,,
Mut45-openmoc-runner-ignore-temperature,openmc-pincell-moderator-sigma-a,not-affected,,,,,
Mut45-openmoc-runner-ignore-temperature,openmoc-pincell-fuel-sigma-s,ran,missed,1.133058,1.091853,0.963633,less
Mut45-openmoc-runner-ignore-temperature,openmc-pincell-fuel-sigma-s,not-affected,,,,,
Mut45-openmoc-runner-ignore-temperature,openmoc-pincell-fuel-radius,ran,missed,1.133058,1.174761,1.036805,greater
Mut45-openmoc-runner-ignore-temperature,openmc-pincell-fuel-radius,not-affected,,,,,
Mut45-openmoc-runner-ignore-temperature,openmc-pincell-particles-refine,not-affected,,,,,
Mut45-openmoc-runner-ignore-temperature,openmoc-pincell-rotate-90,ran,missed,1.159502,1.159492,0.999991,approx
Mut45-openmoc-runner-ignore-temperature,openmc-pincell-rotate-90,not-affected,,,,,
Mut45-openmoc-runner-ignore-temperature,openmoc-pincell-mirror-x,ran,missed,1.102712,1.102702,0.999991,approx
Mut45-openmoc-runner-ignore-temperature,openmc-pincell-mirror-x,not-affected,,,,,
Mut45-openmoc-runner-ignore-temperature,openmoc-pincell-mirror-y,ran,missed,1.102712,1.102711,0.999999,approx
Mut45-openmoc-runner-ignore-temperature,openmc-pincell-mirror-y,not-affected,,,,,
Mut45-openmoc-runner-ignore-temperature,openmoc-pincell-mirror-x-tally,ran,missed,1.102712,1.102702,0.999991,flux-pointwise-approx
Mut45-openmoc-runner-ignore-temperature,openmc-pincell-mirror-x-tally,not-affected,,,,,
Mut45-openmoc-runner-ignore-temperature,openmoc-pincell-mirror-y-tally,ran,missed,1.102712,1.102711,0.999999,flux-pointwise-approx
Mut45-openmoc-runner-ignore-temperature,openmc-pincell-mirror-y-tally,not-affected,,,,,
Mut45-openmoc-runner-ignore-temperature,openmoc-pincell-fuel-temperature,ran,detected,1.133058,1.133058,1.000000,less
Mut45-openmoc-runner-ignore-temperature,openmc-pincell-fuel-temperature,not-affected,,,,,
Mut45-openmoc-runner-ignore-temperature,openmc-pincell-fuel-temperature-via-add-temperature,not-affected,,,,,
Mut45-openmoc-runner-ignore-temperature,openmc-pincell-moderator-temperature-via-borated-water,not-affected,,,,,
Mut46-openmc-runner-ignore-temperature,openmoc-pincell-nu-sigma-f,not-affected,,,,,
Mut46-openmc-runner-ignore-temperature,openmc-pincell-nu-sigma-f,ran,missed,1.124500,1.689961,1.502855,greater
Mut46-openmc-runner-ignore-temperature,openmoc-pincell-sigma-a,not-affected,,,,,
Mut46-openmc-runner-ignore-temperature,openmc-pincell-sigma-a,ran,missed,1.124500,0.802717,0.713844,less
Mut46-openmc-runner-ignore-temperature,openmoc-pincell-group-permute,not-affected,,,,,
Mut46-openmc-runner-ignore-temperature,openmoc-pincell-fuel-sigma-t,not-affected,,,,,
Mut46-openmc-runner-ignore-temperature,openmoc-pincell-moderator-sigma-a,not-affected,,,,,
Mut46-openmc-runner-ignore-temperature,openmc-pincell-group-permute,ran,missed,1.124500,1.126010,1.001342,approx
Mut46-openmc-runner-ignore-temperature,openmc-pincell-fuel-sigma-t,ran,missed,1.124500,0.112923,0.100421,less
Mut46-openmc-runner-ignore-temperature,openmc-pincell-moderator-sigma-a,ran,missed,1.124500,0.968311,0.861104,less
Mut46-openmc-runner-ignore-temperature,openmoc-pincell-fuel-sigma-s,not-affected,,,,,
Mut46-openmc-runner-ignore-temperature,openmc-pincell-fuel-sigma-s,ran,missed,1.124500,1.093257,0.972216,less
Mut46-openmc-runner-ignore-temperature,openmoc-pincell-fuel-radius,not-affected,,,,,
Mut46-openmc-runner-ignore-temperature,openmc-pincell-fuel-radius,ran,missed,1.124500,1.170859,1.041226,greater
Mut46-openmc-runner-ignore-temperature,openmc-pincell-particles-refine,ran,missed,1.124500,1.124766,1.000236,variance-ratio
Mut46-openmc-runner-ignore-temperature,openmoc-pincell-rotate-90,not-affected,,,,,
Mut46-openmc-runner-ignore-temperature,openmc-pincell-rotate-90,ran,missed,1.154382,1.153536,0.999268,approx
Mut46-openmc-runner-ignore-temperature,openmoc-pincell-mirror-x,not-affected,,,,,
Mut46-openmc-runner-ignore-temperature,openmc-pincell-mirror-x,ran,missed,1.096015,1.098078,1.001882,approx
Mut46-openmc-runner-ignore-temperature,openmoc-pincell-mirror-y,not-affected,,,,,
Mut46-openmc-runner-ignore-temperature,openmc-pincell-mirror-y,ran,missed,1.096015,1.095554,0.999579,approx
Mut46-openmc-runner-ignore-temperature,openmoc-pincell-mirror-x-tally,not-affected,,,,,
Mut46-openmc-runner-ignore-temperature,openmc-pincell-mirror-x-tally,ran,missed,1.096015,1.098078,1.001882,flux-pointwise-approx
Mut46-openmc-runner-ignore-temperature,openmoc-pincell-mirror-y-tally,not-affected,,,,,
Mut46-openmc-runner-ignore-temperature,openmc-pincell-mirror-y-tally,ran,missed,1.096015,1.095554,0.999579,flux-pointwise-approx
Mut46-openmc-runner-ignore-temperature,openmoc-pincell-fuel-temperature,not-affected,,,,,
Mut46-openmc-runner-ignore-temperature,openmc-pincell-fuel-temperature,ran,detected,1.124500,1.124500,1.000000,less
Mut46-openmc-runner-ignore-temperature,openmc-pincell-fuel-temperature-via-add-temperature,error,error,,,,
Mut46-openmc-runner-ignore-temperature,openmc-pincell-moderator-temperature-via-borated-water,error,error,,,,
Mut47-openmoc-runner-tally-y-sign-bucket,openmoc-pincell-nu-sigma-f,ran,missed,1.133058,1.699904,1.500279,greater
Mut47-openmoc-runner-tally-y-sign-bucket,openmc-pincell-nu-sigma-f,not-affected,,,,,
Mut47-openmoc-runner-tally-y-sign-bucket,openmoc-pincell-sigma-a,ran,missed,1.133058,0.806904,0.712147,less
Mut47-openmoc-runner-tally-y-sign-bucket,openmc-pincell-sigma-a,not-affected,,,,,
Mut47-openmoc-runner-tally-y-sign-bucket,openmoc-pincell-group-permute,ran,missed,1.133058,1.133058,1.000000,approx
Mut47-openmoc-runner-tally-y-sign-bucket,openmoc-pincell-fuel-sigma-t,ran,missed,1.133058,0.111272,0.098205,less
Mut47-openmoc-runner-tally-y-sign-bucket,openmoc-pincell-moderator-sigma-a,ran,missed,1.133058,0.476353,0.420414,less
Mut47-openmoc-runner-tally-y-sign-bucket,openmc-pincell-group-permute,not-affected,,,,,
Mut47-openmoc-runner-tally-y-sign-bucket,openmc-pincell-fuel-sigma-t,not-affected,,,,,
Mut47-openmoc-runner-tally-y-sign-bucket,openmc-pincell-moderator-sigma-a,not-affected,,,,,
Mut47-openmoc-runner-tally-y-sign-bucket,openmoc-pincell-fuel-sigma-s,ran,missed,1.133058,1.091853,0.963633,less
Mut47-openmoc-runner-tally-y-sign-bucket,openmc-pincell-fuel-sigma-s,not-affected,,,,,
Mut47-openmoc-runner-tally-y-sign-bucket,openmoc-pincell-fuel-radius,ran,missed,1.133058,1.174761,1.036805,greater
Mut47-openmoc-runner-tally-y-sign-bucket,openmc-pincell-fuel-radius,not-affected,,,,,
Mut47-openmoc-runner-tally-y-sign-bucket,openmc-pincell-particles-refine,not-affected,,,,,
Mut47-openmoc-runner-tally-y-sign-bucket,openmoc-pincell-rotate-90,ran,missed,1.159502,1.159492,0.999991,approx
Mut47-openmoc-runner-tally-y-sign-bucket,openmc-pincell-rotate-90,not-affected,,,,,
Mut47-openmoc-runner-tally-y-sign-bucket,openmoc-pincell-mirror-x,ran,missed,1.102712,1.102702,0.999991,approx
Mut47-openmoc-runner-tally-y-sign-bucket,openmc-pincell-mirror-x,not-affected,,,,,
Mut47-openmoc-runner-tally-y-sign-bucket,openmoc-pincell-mirror-y,ran,missed,1.102712,1.102711,0.999999,approx
Mut47-openmoc-runner-tally-y-sign-bucket,openmc-pincell-mirror-y,not-affected,,,,,
Mut47-openmoc-runner-tally-y-sign-bucket,openmoc-pincell-mirror-x-tally,ran,detected,1.102712,1.102702,0.999991,flux-pointwise-approx
Mut47-openmoc-runner-tally-y-sign-bucket,openmc-pincell-mirror-x-tally,not-affected,,,,,
Mut47-openmoc-runner-tally-y-sign-bucket,openmoc-pincell-mirror-y-tally,ran,missed,1.102712,1.102711,0.999999,flux-pointwise-approx
Mut47-openmoc-runner-tally-y-sign-bucket,openmc-pincell-mirror-y-tally,not-affected,,,,,
Mut47-openmoc-runner-tally-y-sign-bucket,openmoc-pincell-fuel-temperature,ran,missed,1.133058,1.115657,0.984642,less
Mut47-openmoc-runner-tally-y-sign-bucket,openmc-pincell-fuel-temperature,not-affected,,,,,
Mut47-openmoc-runner-tally-y-sign-bucket,openmc-pincell-fuel-temperature-via-add-temperature,not-affected,,,,,
Mut47-openmoc-runner-tally-y-sign-bucket,openmc-pincell-moderator-temperature-via-borated-water,not-affected,,,,,
